region_desc,reference_period_desc,source_desc,county_name,util_practice_desc,commodity_desc,agg_level_desc,state_fips_code,begin_code,short_desc,state_ansi,zip_5,class_desc,watershed_desc,asd_desc,congr_district_code,freq_desc,year,end_code,CV (%),watershed_code,group_desc,state_alpha,domaincat_desc,county_code,county_ansi,location_desc,country_code,unit_desc,country_name,prodn_practice_desc,load_time,asd_code,statisticcat_desc,state_name,week_ending,Value,sector_desc,domain_desc
,JAN,SURVEY,,GRAIN,CORN,STATE,31,01,"CORN, GRAIN - PRICE RECEIVED, MEASURED IN $ / BU",31,,ALL CLASSES,,,,MONTHLY,2026,01,,00000000,FIELD CROPS,NE,NOT SPECIFIED,,,NEBRASKA,9000,$ / BU,UNITED STATES,ALL PRODUCTION PRACTICES,2026-02-27 15:00:00.000,,PRICE RECEIVED,NEBRASKA,,4.08,CROPS,TOTAL
,FEB,SURVEY,,GRAIN,CORN,STATE,31,02,"CORN, GRAIN - PRICE RECEIVED, MEASURED IN $ / BU",31,,ALL CLASSES,,,,MONTHLY,2026,02,,00000000,FIELD CROPS,NE,NOT SPECIFIED,,,NEBRASKA,9000,$ / BU,UNITED STATES,ALL PRODUCTION PRACTICES,2026-03-30 15:00:00.000,,PRICE RECEIVED,NEBRASKA,,4.01,CROPS,TOTAL
,MAR,SURVEY,,GRAIN,CORN,STATE,31,03,"CORN, GRAIN - PRICE RECEIVED, MEASURED IN $ / BU",31,,ALL CLASSES,,,,MONTHLY,2026,03,,00000000,FIELD CROPS,NE,NOT SPECIFIED,,,NEBRASKA,9000,$ / BU,UNITED STATES,ALL PRODUCTION PRACTICES,2026-04-30 15:00:00.000,,PRICE RECEIVED,NEBRASKA,,4.16,CROPS,TOTAL
,APR,SURVEY,,GRAIN,CORN,STATE,31,04,"CORN, GRAIN - PRICE RECEIVED, MEASURED IN $ / BU",31,,ALL CLASSES,,,,MONTHLY,2026,04,,00000000,FIELD CROPS,NE,NOT SPECIFIED,,,NEBRASKA,9000,$ / BU,UNITED STATES,ALL PRODUCTION PRACTICES,2026-05-29 15:00:00.000,,PRICE RECEIVED,NEBRASKA,,4.23,CROPS,TOTAL
,MAY,SURVEY,,GRAIN,CORN,STATE,31,05,"CORN, GRAIN - PRICE RECEIVED, MEASURED IN $ / BU",31,,ALL CLASSES,,,,MONTHLY,2026,05,,00000000,FIELD CROPS,NE,NOT SPECIFIED,,,NEBRASKA,9000,$ / BU,UNITED STATES,ALL PRODUCTION PRACTICES,2026-06-29 15:00:00.000,,PRICE RECEIVED,NEBRASKA,,4.43,CROPS,TOTAL
,JAN,SURVEY,,GRAIN,CORN,STATE,31,01,"CORN, GRAIN - PRICE RECEIVED, MEASURED IN $ / BU",31,,ALL CLASSES,,,,MONTHLY,2025,01,,00000000,FIELD CROPS,NE,NOT SPECIFIED,,,NEBRASKA,9000,$ / BU,UNITED STATES,ALL PRODUCTION PRACTICES,2025-09-30 15:00:00.000,,PRICE RECEIVED,NEBRASKA,,4.4,CROPS,TOTAL
,FEB,SURVEY,,GRAIN,CORN,STATE,31,02,"CORN, GRAIN - PRICE RECEIVED, MEASURED IN $ / BU",31,,ALL CLASSES,,,,MONTHLY,2025,02,,00000000,FIELD CROPS,NE,NOT SPECIFIED,,,NEBRASKA,9000,$ / BU,UNITED STATES,ALL PRODUCTION PRACTICES,2025-09-30 15:00:00.000,,PRICE RECEIVED,NEBRASKA,,4.6,CROPS,TOTAL
,MAR,SURVEY,,GRAIN,CORN,STATE,31,03,"CORN, GRAIN - PRICE RECEIVED, MEASURED IN $ / BU",31,,ALL CLASSES,,,,MONTHLY,2025,03,,00000000,FIELD CROPS,NE,NOT SPECIFIED,,,NEBRASKA,9000,$ / BU,UNITED STATES,ALL PRODUCTION PRACTICES,2025-09-30 15:00:00.000,,PRICE RECEIVED,NEBRASKA,,4.65,CROPS,TOTAL
,APR,SURVEY,,GRAIN,CORN,STATE,31,04,"CORN, GRAIN - PRICE RECEIVED, MEASURED IN $ / BU",31,,ALL CLASSES,,,,MONTHLY,2025,04,,00000000,FIELD CROPS,NE,NOT SPECIFIED,,,NEBRASKA,9000,$ / BU,UNITED STATES,ALL PRODUCTION PRACTICES,2025-09-30 15:00:00.000,,PRICE RECEIVED,NEBRASKA,,4.66,CROPS,TOTAL
,MAY,SURVEY,,GRAIN,CORN,STATE,31,05,"CORN, GRAIN - PRICE RECEIVED, MEASURED IN $ / BU",31,,ALL CLASSES,,,,MONTHLY,2025,05,,00000000,FIELD CROPS,NE,NOT SPECIFIED,,,NEBRASKA,9000,$ / BU,UNITED STATES,ALL PRODUCTION PRACTICES,2025-09-30 15:00:00.000,,PRICE RECEIVED,NEBRASKA,,4.67,CROPS,TOTAL
,JUN,SURVEY,,GRAIN,CORN,STATE,31,06,"CORN, GRAIN - PRICE RECEIVED, MEASURED IN $ / BU",31,,ALL CLASSES,,,,MONTHLY,2025,06,,00000000,FIELD CROPS,NE,NOT SPECIFIED,,,NEBRASKA,9000,$ / BU,UNITED STATES,ALL PRODUCTION PRACTICES,2025-09-30 15:00:00.000,,PRICE RECEIVED,NEBRASKA,,4.48,CROPS,TOTAL
,JUL,SURVEY,,GRAIN,CORN,STATE,31,07,"CORN, GRAIN - PRICE RECEIVED, MEASURED IN $ / BU",31,,ALL CLASSES,,,,MONTHLY,2025,07,,00000000,FIELD CROPS,NE,NOT SPECIFIED,,,NEBRASKA,9000,$ / BU,UNITED STATES,ALL PRODUCTION PRACTICES,2025-09-30 15:00:00.000,,PRICE RECEIVED,NEBRASKA,,4.41,CROPS,TOTAL
,AUG,SURVEY,,GRAIN,CORN,STATE,31,08,"CORN, GRAIN - PRICE RECEIVED, MEASURED IN $ / BU",31,,ALL CLASSES,,,,MONTHLY,2025,08,,00000000,FIELD CROPS,NE,NOT SPECIFIED,,,NEBRASKA,9000,$ / BU,UNITED STATES,ALL PRODUCTION PRACTICES,2025-09-30 15:00:00.000,,PRICE RECEIVED,NEBRASKA,,3.97,CROPS,TOTAL
,SEP,SURVEY,,GRAIN,CORN,STATE,31,09,"CORN, GRAIN - PRICE RECEIVED, MEASURED IN $ / BU",31,,ALL CLASSES,,,,MONTHLY,2025,09,,00000000,FIELD CROPS,NE,NOT SPECIFIED,,,NEBRASKA,9000,$ / BU,UNITED STATES,ALL PRODUCTION PRACTICES,2025-12-15 15:00:00.000,,PRICE RECEIVED,NEBRASKA,,4.02,CROPS,TOTAL
,OCT,SURVEY,,GRAIN,CORN,STATE,31,10,"CORN, GRAIN - PRICE RECEIVED, MEASURED IN $ / BU",31,,ALL CLASSES,,,,MONTHLY,2025,10,,00000000,FIELD CROPS,NE,NOT SPECIFIED,,,NEBRASKA,9000,$ / BU,UNITED STATES,ALL PRODUCTION PRACTICES,2025-12-15 15:00:00.000,,PRICE RECEIVED,NEBRASKA,,3.96,CROPS,TOTAL
,NOV,SURVEY,,GRAIN,CORN,STATE,31,11,"CORN, GRAIN - PRICE RECEIVED, MEASURED IN $ / BU",31,,ALL CLASSES,,,,MONTHLY,2025,11,,00000000,FIELD CROPS,NE,NOT SPECIFIED,,,NEBRASKA,9000,$ / BU,UNITED STATES,ALL PRODUCTION PRACTICES,2025-12-31 15:00:00.000,,PRICE RECEIVED,NEBRASKA,,4.01,CROPS,TOTAL
,DEC,SURVEY,,GRAIN,CORN,STATE,31,12,"CORN, GRAIN - PRICE RECEIVED, MEASURED IN $ / BU",31,,ALL CLASSES,,,,MONTHLY,2025,12,,00000000,FIELD CROPS,NE,NOT SPECIFIED,,,NEBRASKA,9000,$ / BU,UNITED STATES,ALL PRODUCTION PRACTICES,2026-01-30 15:00:00.000,,PRICE RECEIVED,NEBRASKA,,4.06,CROPS,TOTAL
,JAN,SURVEY,,GRAIN,CORN,STATE,31,01,"CORN, GRAIN - PRICE RECEIVED, MEASURED IN $ / BU",31,,ALL CLASSES,,,,MONTHLY,2024,01,,00000000,FIELD CROPS,NE,NOT SPECIFIED,,,NEBRASKA,9000,$ / BU,UNITED STATES,ALL PRODUCTION PRACTICES,2024-09-27 15:00:00.000,,PRICE RECEIVED,NEBRASKA,,4.87,CROPS,TOTAL
,FEB,SURVEY,,GRAIN,CORN,STATE,31,02,"CORN, GRAIN - PRICE RECEIVED, MEASURED IN $ / BU",31,,ALL CLASSES,,,,MONTHLY,2024,02,,00000000,FIELD CROPS,NE,NOT SPECIFIED,,,NEBRASKA,9000,$ / BU,UNITED STATES,ALL PRODUCTION PRACTICES,2024-09-27 15:00:00.000,,PRICE RECEIVED,NEBRASKA,,4.4,CROPS,TOTAL
,MAR,SURVEY,,GRAIN,CORN,STATE,31,03,"CORN, GRAIN - PRICE RECEIVED, MEASURED IN $ / BU",31,,ALL CLASSES,,,,MONTHLY,2024,03,,00000000,FIELD CROPS,NE,NOT SPECIFIED,,,NEBRASKA,9000,$ / BU,UNITED STATES,ALL PRODUCTION PRACTICES,2024-09-27 15:00:00.000,,PRICE RECEIVED,NEBRASKA,,4.43,CROPS,TOTAL
,APR,SURVEY,,GRAIN,CORN,STATE,31,04,"CORN, GRAIN - PRICE RECEIVED, MEASURED IN $ / BU",31,,ALL CLASSES,,,,MONTHLY,2024,04,,00000000,FIELD CROPS,NE,NOT SPECIFIED,,,NEBRASKA,9000,$ / BU,UNITED STATES,ALL PRODUCTION PRACTICES,2024-09-27 15:00:00.000,,PRICE RECEIVED,NEBRASKA,,4.47,CROPS,TOTAL
,MAY,SURVEY,,GRAIN,CORN,STATE,31,05,"CORN, GRAIN - PRICE RECEIVED, MEASURED IN $ / BU",31,,ALL CLASSES,,,,MONTHLY,2024,05,,00000000,FIELD CROPS,NE,NOT SPECIFIED,,,NEBRASKA,9000,$ / BU,UNITED STATES,ALL PRODUCTION PRACTICES,2024-09-27 15:00:00.000,,PRICE RECEIVED,NEBRASKA,,4.62,CROPS,TOTAL
,JUN,SURVEY,,GRAIN,CORN,STATE,31,06,"CORN, GRAIN - PRICE RECEIVED, MEASURED IN $ / BU",31,,ALL CLASSES,,,,MONTHLY,2024,06,,00000000,FIELD CROPS,NE,NOT SPECIFIED,,,NEBRASKA,9000,$ / BU,UNITED STATES,ALL PRODUCTION PRACTICES,2024-09-27 15:00:00.000,,PRICE RECEIVED,NEBRASKA,,4.62,CROPS,TOTAL
,JUL,SURVEY,,GRAIN,CORN,STATE,31,07,"CORN, GRAIN - PRICE RECEIVED, MEASURED IN $ / BU",31,,ALL CLASSES,,,,MONTHLY,2024,07,,00000000,FIELD CROPS,NE,NOT SPECIFIED,,,NEBRASKA,9000,$ / BU,UNITED STATES,ALL PRODUCTION PRACTICES,2024-09-27 15:00:00.000,,PRICE RECEIVED,NEBRASKA,,4.49,CROPS,TOTAL
,AUG,SURVEY,,GRAIN,CORN,STATE,31,08,"CORN, GRAIN - PRICE RECEIVED, MEASURED IN $ / BU",31,,ALL CLASSES,,,,MONTHLY,2024,08,,00000000,FIELD CROPS,NE,NOT SPECIFIED,,,NEBRASKA,9000,$ / BU,UNITED STATES,ALL PRODUCTION PRACTICES,2024-09-27 15:00:00.000,,PRICE RECEIVED,NEBRASKA,,3.98,CROPS,TOTAL
,SEP,SURVEY,,GRAIN,CORN,STATE,31,09,"CORN, GRAIN - PRICE RECEIVED, MEASURED IN $ / BU",31,,ALL CLASSES,,,,MONTHLY,2024,09,,00000000,FIELD CROPS,NE,NOT SPECIFIED,,,NEBRASKA,9000,$ / BU,UNITED STATES,ALL PRODUCTION PRACTICES,2025-09-30 15:00:00.000,,PRICE RECEIVED,NEBRASKA,,4.13,CROPS,TOTAL
,OCT,SURVEY,,GRAIN,CORN,STATE,31,10,"CORN, GRAIN - PRICE RECEIVED, MEASURED IN $ / BU",31,,ALL CLASSES,,,,MONTHLY,2024,10,,00000000,FIELD CROPS,NE,NOT SPECIFIED,,,NEBRASKA,9000,$ / BU,UNITED STATES,ALL PRODUCTION PRACTICES,2025-09-30 15:00:00.000,,PRICE RECEIVED,NEBRASKA,,4.12,CROPS,TOTAL
,NOV,SURVEY,,GRAIN,CORN,STATE,31,11,"CORN, GRAIN - PRICE RECEIVED, MEASURED IN $ / BU",31,,ALL CLASSES,,,,MONTHLY,2024,11,,00000000,FIELD CROPS,NE,NOT SPECIFIED,,,NEBRASKA,9000,$ / BU,UNITED STATES,ALL PRODUCTION PRACTICES,2025-09-30 15:00:00.000,,PRICE RECEIVED,NEBRASKA,,4.17,CROPS,TOTAL
,DEC,SURVEY,,GRAIN,CORN,STATE,31,12,"CORN, GRAIN - PRICE RECEIVED, MEASURED IN $ / BU",31,,ALL CLASSES,,,,MONTHLY,2024,12,,00000000,FIELD CROPS,NE,NOT SPECIFIED,,,NEBRASKA,9000,$ / BU,UNITED STATES,ALL PRODUCTION PRACTICES,2025-09-30 15:00:00.000,,PRICE RECEIVED,NEBRASKA,,4.3,CROPS,TOTAL
,JAN,SURVEY,,GRAIN,CORN,STATE,31,01,"CORN, GRAIN - PRICE RECEIVED, MEASURED IN $ / BU",31,,ALL CLASSES,,,,MONTHLY,2023,01,,00000000,FIELD CROPS,NE,NOT SPECIFIED,,,NEBRASKA,9000,$ / BU,UNITED STATES,ALL PRODUCTION PRACTICES,2023-11-30 15:00:00.000,,PRICE RECEIVED,NEBRASKA,,6.93,CROPS,TOTAL
,FEB,SURVEY,,GRAIN,CORN,STATE,31,02,"CORN, GRAIN - PRICE RECEIVED, MEASURED IN $ / BU",31,,ALL CLASSES,,,,MONTHLY,2023,02,,00000000,FIELD CROPS,NE,NOT SPECIFIED,,,NEBRASKA,9000,$ / BU,UNITED STATES,ALL PRODUCTION PRACTICES,2023-11-30 15:00:00.000,,PRICE RECEIVED,NEBRASKA,,7.05,CROPS,TOTAL
,MAR,SURVEY,,GRAIN,CORN,STATE,31,03,"CORN, GRAIN - PRICE RECEIVED, MEASURED IN $ / BU",31,,ALL CLASSES,,,,MONTHLY,2023,03,,00000000,FIELD CROPS,NE,NOT SPECIFIED,,,NEBRASKA,9000,$ / BU,UNITED STATES,ALL PRODUCTION PRACTICES,2023-11-30 15:00:00.000,,PRICE RECEIVED,NEBRASKA,,6.9,CROPS,TOTAL
,APR,SURVEY,,GRAIN,CORN,STATE,31,04,"CORN, GRAIN - PRICE RECEIVED, MEASURED IN $ / BU",31,,ALL CLASSES,,,,MONTHLY,2023,04,,00000000,FIELD CROPS,NE,NOT SPECIFIED,,,NEBRASKA,9000,$ / BU,UNITED STATES,ALL PRODUCTION PRACTICES,2023-11-30 15:00:00.000,,PRICE RECEIVED,NEBRASKA,,6.87,CROPS,TOTAL
,MAY,SURVEY,,GRAIN,CORN,STATE,31,05,"CORN, GRAIN - PRICE RECEIVED, MEASURED IN $ / BU",31,,ALL CLASSES,,,,MONTHLY,2023,05,,00000000,FIELD CROPS,NE,NOT SPECIFIED,,,NEBRASKA,9000,$ / BU,UNITED STATES,ALL PRODUCTION PRACTICES,2023-11-30 15:00:00.000,,PRICE RECEIVED,NEBRASKA,,6.87,CROPS,TOTAL
,JUN,SURVEY,,GRAIN,CORN,STATE,31,06,"CORN, GRAIN - PRICE RECEIVED, MEASURED IN $ / BU",31,,ALL CLASSES,,,,MONTHLY,2023,06,,00000000,FIELD CROPS,NE,NOT SPECIFIED,,,NEBRASKA,9000,$ / BU,UNITED STATES,ALL PRODUCTION PRACTICES,2023-11-30 15:00:00.000,,PRICE RECEIVED,NEBRASKA,,6.65,CROPS,TOTAL
,JUL,SURVEY,,GRAIN,CORN,STATE,31,07,"CORN, GRAIN - PRICE RECEIVED, MEASURED IN $ / BU",31,,ALL CLASSES,,,,MONTHLY,2023,07,,00000000,FIELD CROPS,NE,NOT SPECIFIED,,,NEBRASKA,9000,$ / BU,UNITED STATES,ALL PRODUCTION PRACTICES,2023-11-30 15:00:00.000,,PRICE RECEIVED,NEBRASKA,,6.51,CROPS,TOTAL
,AUG,SURVEY,,GRAIN,CORN,STATE,31,08,"CORN, GRAIN - PRICE RECEIVED, MEASURED IN $ / BU",31,,ALL CLASSES,,,,MONTHLY,2023,08,,00000000,FIELD CROPS,NE,NOT SPECIFIED,,,NEBRASKA,9000,$ / BU,UNITED STATES,ALL PRODUCTION PRACTICES,2023-09-29 15:00:00.000,,PRICE RECEIVED,NEBRASKA,,5.97,CROPS,TOTAL
,SEP,SURVEY,,GRAIN,CORN,STATE,31,09,"CORN, GRAIN - PRICE RECEIVED, MEASURED IN $ / BU",31,,ALL CLASSES,,,,MONTHLY,2023,09,,00000000,FIELD CROPS,NE,NOT SPECIFIED,,,NEBRASKA,9000,$ / BU,UNITED STATES,ALL PRODUCTION PRACTICES,2024-09-27 15:00:00.000,,PRICE RECEIVED,NEBRASKA,,5.38,CROPS,TOTAL
,OCT,SURVEY,,GRAIN,CORN,STATE,31,10,"CORN, GRAIN - PRICE RECEIVED, MEASURED IN $ / BU",31,,ALL CLASSES,,,,MONTHLY,2023,10,,00000000,FIELD CROPS,NE,NOT SPECIFIED,,,NEBRASKA,9000,$ / BU,UNITED STATES,ALL PRODUCTION PRACTICES,2024-09-27 15:00:00.000,,PRICE RECEIVED,NEBRASKA,,5.06,CROPS,TOTAL
,NOV,SURVEY,,GRAIN,CORN,STATE,31,11,"CORN, GRAIN - PRICE RECEIVED, MEASURED IN $ / BU",31,,ALL CLASSES,,,,MONTHLY,2023,11,,00000000,FIELD CROPS,NE,NOT SPECIFIED,,,NEBRASKA,9000,$ / BU,UNITED STATES,ALL PRODUCTION PRACTICES,2024-09-27 15:00:00.000,,PRICE RECEIVED,NEBRASKA,,4.85,CROPS,TOTAL
,DEC,SURVEY,,GRAIN,CORN,STATE,31,12,"CORN, GRAIN - PRICE RECEIVED, MEASURED IN $ / BU",31,,ALL CLASSES,,,,MONTHLY,2023,12,,00000000,FIELD CROPS,NE,NOT SPECIFIED,,,NEBRASKA,9000,$ / BU,UNITED STATES,ALL PRODUCTION PRACTICES,2024-09-27 15:00:00.000,,PRICE RECEIVED,NEBRASKA,,4.89,CROPS,TOTAL
,JAN,SURVEY,,GRAIN,CORN,STATE,31,01,"CORN, GRAIN - PRICE RECEIVED, MEASURED IN $ / BU",31,,ALL CLASSES,,,,MONTHLY,2022,01,,00000000,FIELD CROPS,NE,NOT SPECIFIED,,,NEBRASKA,9000,$ / BU,UNITED STATES,ALL PRODUCTION PRACTICES,2022-03-31 15:02:29.000,,PRICE RECEIVED,NEBRASKA,,5.57,CROPS,TOTAL
,FEB,SURVEY,,GRAIN,CORN,STATE,31,02,"CORN, GRAIN - PRICE RECEIVED, MEASURED IN $ / BU",31,,ALL CLASSES,,,,MONTHLY,2022,02,,00000000,FIELD CROPS,NE,NOT SPECIFIED,,,NEBRASKA,9000,$ / BU,UNITED STATES,ALL PRODUCTION PRACTICES,2023-03-01 15:00:00.000,,PRICE RECEIVED,NEBRASKA,,5.94,CROPS,TOTAL
,MAR,SURVEY,,GRAIN,CORN,STATE,31,03,"CORN, GRAIN - PRICE RECEIVED, MEASURED IN $ / BU",31,,ALL CLASSES,,,,MONTHLY,2022,03,,00000000,FIELD CROPS,NE,NOT SPECIFIED,,,NEBRASKA,9000,$ / BU,UNITED STATES,ALL PRODUCTION PRACTICES,2022-05-31 15:03:15.000,,PRICE RECEIVED,NEBRASKA,,6.4,CROPS,TOTAL
,APR,SURVEY,,GRAIN,CORN,STATE,31,04,"CORN, GRAIN - PRICE RECEIVED, MEASURED IN $ / BU",31,,ALL CLASSES,,,,MONTHLY,2022,04,,00000000,FIELD CROPS,NE,NOT SPECIFIED,,,NEBRASKA,9000,$ / BU,UNITED STATES,ALL PRODUCTION PRACTICES,2023-03-01 15:00:00.000,,PRICE RECEIVED,NEBRASKA,,7.07,CROPS,TOTAL
,MAY,SURVEY,,GRAIN,CORN,STATE,31,05,"CORN, GRAIN - PRICE RECEIVED, MEASURED IN $ / BU",31,,ALL CLASSES,,,,MONTHLY,2022,05,,00000000,FIELD CROPS,NE,NOT SPECIFIED,,,NEBRASKA,9000,$ / BU,UNITED STATES,ALL PRODUCTION PRACTICES,2022-07-29 15:01:54.000,,PRICE RECEIVED,NEBRASKA,,7.39,CROPS,TOTAL
,JUN,SURVEY,,GRAIN,CORN,STATE,31,06,"CORN, GRAIN - PRICE RECEIVED, MEASURED IN $ / BU",31,,ALL CLASSES,,,,MONTHLY,2022,06,,00000000,FIELD CROPS,NE,NOT SPECIFIED,,,NEBRASKA,9000,$ / BU,UNITED STATES,ALL PRODUCTION PRACTICES,2023-03-01 15:00:00.000,,PRICE RECEIVED,NEBRASKA,,7.45,CROPS,TOTAL
,JUL,SURVEY,,GRAIN,CORN,STATE,31,07,"CORN, GRAIN - PRICE RECEIVED, MEASURED IN $ / BU",31,,ALL CLASSES,,,,MONTHLY,2022,07,,00000000,FIELD CROPS,NE,NOT SPECIFIED,,,NEBRASKA,9000,$ / BU,UNITED STATES,ALL PRODUCTION PRACTICES,2022-09-30 15:00:00.000,,PRICE RECEIVED,NEBRASKA,,7.31,CROPS,TOTAL
,AUG,SURVEY,,GRAIN,CORN,STATE,31,08,"CORN, GRAIN - PRICE RECEIVED, MEASURED IN $ / BU",31,,ALL CLASSES,,,,MONTHLY,2022,08,,00000000,FIELD CROPS,NE,NOT SPECIFIED,,,NEBRASKA,9000,$ / BU,UNITED STATES,ALL PRODUCTION PRACTICES,2022-09-30 15:00:00.000,,PRICE RECEIVED,NEBRASKA,,7.37,CROPS,TOTAL
,SEP,SURVEY,,GRAIN,CORN,STATE,31,09,"CORN, GRAIN - PRICE RECEIVED, MEASURED IN $ / BU",31,,ALL CLASSES,,,,MONTHLY,2022,09,,00000000,FIELD CROPS,NE,NOT SPECIFIED,,,NEBRASKA,9000,$ / BU,UNITED STATES,ALL PRODUCTION PRACTICES,2023-11-30 15:00:00.000,,PRICE RECEIVED,NEBRASKA,,7.14,CROPS,TOTAL
,OCT,SURVEY,,GRAIN,CORN,STATE,31,10,"CORN, GRAIN - PRICE RECEIVED, MEASURED IN $ / BU",31,,ALL CLASSES,,,,MONTHLY,2022,10,,00000000,FIELD CROPS,NE,NOT SPECIFIED,,,NEBRASKA,9000,$ / BU,UNITED STATES,ALL PRODUCTION PRACTICES,2023-11-30 15:00:00.000,,PRICE RECEIVED,NEBRASKA,,6.59,CROPS,TOTAL
,NOV,SURVEY,,GRAIN,CORN,STATE,31,11,"CORN, GRAIN - PRICE RECEIVED, MEASURED IN $ / BU",31,,ALL CLASSES,,,,MONTHLY,2022,11,,00000000,FIELD CROPS,NE,NOT SPECIFIED,,,NEBRASKA,9000,$ / BU,UNITED STATES,ALL PRODUCTION PRACTICES,2023-11-30 15:00:00.000,,PRICE RECEIVED,NEBRASKA,,6.83,CROPS,TOTAL
,DEC,SURVEY,,GRAIN,CORN,STATE,31,12,"CORN, GRAIN - PRICE RECEIVED, MEASURED IN $ / BU",31,,ALL CLASSES,,,,MONTHLY,2022,12,,00000000,FIELD CROPS,NE,NOT SPECIFIED,,,NEBRASKA,9000,$ / BU,UNITED STATES,ALL PRODUCTION PRACTICES,2023-11-30 15:00:00.000,,PRICE RECEIVED,NEBRASKA,,6.83,CROPS,TOTAL
,JAN,SURVEY,,GRAIN,CORN,STATE,31,01,"CORN, GRAIN - PRICE RECEIVED, MEASURED IN $ / BU",31,,ALL CLASSES,,,,MONTHLY,2021,01,,00000000,FIELD CROPS,NE,NOT SPECIFIED,,,NEBRASKA,9000,$ / BU,UNITED STATES,ALL PRODUCTION PRACTICES,2022-02-28 15:03:56.000,,PRICE RECEIVED,NEBRASKA,,4.26,CROPS,TOTAL
,FEB,SURVEY,,GRAIN,CORN,STATE,31,02,"CORN, GRAIN - PRICE RECEIVED, MEASURED IN $ / BU",31,,ALL CLASSES,,,,MONTHLY,2021,02,,00000000,FIELD CROPS,NE,NOT SPECIFIED,,,NEBRASKA,9000,$ / BU,UNITED STATES,ALL PRODUCTION PRACTICES,2022-03-31 15:02:29.000,,PRICE RECEIVED,NEBRASKA,,4.64,CROPS,TOTAL
,MAR,SURVEY,,GRAIN,CORN,STATE,31,03,"CORN, GRAIN - PRICE RECEIVED, MEASURED IN $ / BU",31,,ALL CLASSES,,,,MONTHLY,2021,03,,00000000,FIELD CROPS,NE,NOT SPECIFIED,,,NEBRASKA,9000,$ / BU,UNITED STATES,ALL PRODUCTION PRACTICES,2022-04-29 15:01:27.000,,PRICE RECEIVED,NEBRASKA,,4.71,CROPS,TOTAL
,APR,SURVEY,,GRAIN,CORN,STATE,31,04,"CORN, GRAIN - PRICE RECEIVED, MEASURED IN $ / BU",31,,ALL CLASSES,,,,MONTHLY,2021,04,,00000000,FIELD CROPS,NE,NOT SPECIFIED,,,NEBRASKA,9000,$ / BU,UNITED STATES,ALL PRODUCTION PRACTICES,2022-05-31 15:03:15.000,,PRICE RECEIVED,NEBRASKA,,5.21,CROPS,TOTAL
,MAY,SURVEY,,GRAIN,CORN,STATE,31,05,"CORN, GRAIN - PRICE RECEIVED, MEASURED IN $ / BU",31,,ALL CLASSES,,,,MONTHLY,2021,05,,00000000,FIELD CROPS,NE,NOT SPECIFIED,,,NEBRASKA,9000,$ / BU,UNITED STATES,ALL PRODUCTION PRACTICES,2022-06-30 15:02:08.000,,PRICE RECEIVED,NEBRASKA,,5.84,CROPS,TOTAL
,JUN,SURVEY,,GRAIN,CORN,STATE,31,06,"CORN, GRAIN - PRICE RECEIVED, MEASURED IN $ / BU",31,,ALL CLASSES,,,,MONTHLY,2021,06,,00000000,FIELD CROPS,NE,NOT SPECIFIED,,,NEBRASKA,9000,$ / BU,UNITED STATES,ALL PRODUCTION PRACTICES,2022-07-29 15:01:54.000,,PRICE RECEIVED,NEBRASKA,,6.01,CROPS,TOTAL
,JUL,SURVEY,,GRAIN,CORN,STATE,31,07,"CORN, GRAIN - PRICE RECEIVED, MEASURED IN $ / BU",31,,ALL CLASSES,,,,MONTHLY,2021,07,,00000000,FIELD CROPS,NE,NOT SPECIFIED,,,NEBRASKA,9000,$ / BU,UNITED STATES,ALL PRODUCTION PRACTICES,2022-08-31 15:06:19.000,,PRICE RECEIVED,NEBRASKA,,6.03,CROPS,TOTAL
,AUG,SURVEY,,GRAIN,CORN,STATE,31,08,"CORN, GRAIN - PRICE RECEIVED, MEASURED IN $ / BU",31,,ALL CLASSES,,,,MONTHLY,2021,08,,00000000,FIELD CROPS,NE,NOT SPECIFIED,,,NEBRASKA,9000,$ / BU,UNITED STATES,ALL PRODUCTION PRACTICES,2022-09-30 15:00:00.000,,PRICE RECEIVED,NEBRASKA,,6.3,CROPS,TOTAL
,SEP,SURVEY,,GRAIN,CORN,STATE,31,09,"CORN, GRAIN - PRICE RECEIVED, MEASURED IN $ / BU",31,,ALL CLASSES,,,,MONTHLY,2021,09,,00000000,FIELD CROPS,NE,NOT SPECIFIED,,,NEBRASKA,9000,$ / BU,UNITED STATES,ALL PRODUCTION PRACTICES,2021-11-30 15:01:54.000,,PRICE RECEIVED,NEBRASKA,,5.77,CROPS,TOTAL
,OCT,SURVEY,,GRAIN,CORN,STATE,31,10,"CORN, GRAIN - PRICE RECEIVED, MEASURED IN $ / BU",31,,ALL CLASSES,,,,MONTHLY,2021,10,,00000000,FIELD CROPS,NE,NOT SPECIFIED,,,NEBRASKA,9000,$ / BU,UNITED STATES,ALL PRODUCTION PRACTICES,2021-12-30 15:01:46.000,,PRICE RECEIVED,NEBRASKA,,4.92,CROPS,TOTAL
,NOV,SURVEY,,GRAIN,CORN,STATE,31,11,"CORN, GRAIN - PRICE RECEIVED, MEASURED IN $ / BU",31,,ALL CLASSES,,,,MONTHLY,2021,11,,00000000,FIELD CROPS,NE,NOT SPECIFIED,,,NEBRASKA,9000,$ / BU,UNITED STATES,ALL PRODUCTION PRACTICES,2022-01-31 15:05:53.000,,PRICE RECEIVED,NEBRASKA,,5.21,CROPS,TOTAL
,DEC,SURVEY,,GRAIN,CORN,STATE,31,12,"CORN, GRAIN - PRICE RECEIVED, MEASURED IN $ / BU",31,,ALL CLASSES,,,,MONTHLY,2021,12,,00000000,FIELD CROPS,NE,NOT SPECIFIED,,,NEBRASKA,9000,$ / BU,UNITED STATES,ALL PRODUCTION PRACTICES,2022-02-28 15:03:56.000,,PRICE RECEIVED,NEBRASKA,,5.38,CROPS,TOTAL
,JAN,SURVEY,,GRAIN,CORN,STATE,31,01,"CORN, GRAIN - PRICE RECEIVED, MEASURED IN $ / BU",31,,ALL CLASSES,,,,MONTHLY,2020,01,,00000000,FIELD CROPS,NE,NOT SPECIFIED,,,NEBRASKA,9000,$ / BU,UNITED STATES,ALL PRODUCTION PRACTICES,2021-11-30 15:01:54.000,,PRICE RECEIVED,NEBRASKA,,3.7,CROPS,TOTAL
,FEB,SURVEY,,GRAIN,CORN,STATE,31,02,"CORN, GRAIN - PRICE RECEIVED, MEASURED IN $ / BU",31,,ALL CLASSES,,,,MONTHLY,2020,02,,00000000,FIELD CROPS,NE,NOT SPECIFIED,,,NEBRASKA,9000,$ / BU,UNITED STATES,ALL PRODUCTION PRACTICES,2021-11-30 15:01:54.000,,PRICE RECEIVED,NEBRASKA,,3.71,CROPS,TOTAL
,MAR,SURVEY,,GRAIN,CORN,STATE,31,03,"CORN, GRAIN - PRICE RECEIVED, MEASURED IN $ / BU",31,,ALL CLASSES,,,,MONTHLY,2020,03,,00000000,FIELD CROPS,NE,NOT SPECIFIED,,,NEBRASKA,9000,$ / BU,UNITED STATES,ALL PRODUCTION PRACTICES,2021-11-30 15:01:54.000,,PRICE RECEIVED,NEBRASKA,,3.63,CROPS,TOTAL
,APR,SURVEY,,GRAIN,CORN,STATE,31,04,"CORN, GRAIN - PRICE RECEIVED, MEASURED IN $ / BU",31,,ALL CLASSES,,,,MONTHLY,2020,04,,00000000,FIELD CROPS,NE,NOT SPECIFIED,,,NEBRASKA,9000,$ / BU,UNITED STATES,ALL PRODUCTION PRACTICES,2021-11-30 15:01:54.000,,PRICE RECEIVED,NEBRASKA,,3.24,CROPS,TOTAL
,MAY,SURVEY,,GRAIN,CORN,STATE,31,05,"CORN, GRAIN - PRICE RECEIVED, MEASURED IN $ / BU",31,,ALL CLASSES,,,,MONTHLY,2020,05,,00000000,FIELD CROPS,NE,NOT SPECIFIED,,,NEBRASKA,9000,$ / BU,UNITED STATES,ALL PRODUCTION PRACTICES,2021-11-30 15:01:54.000,,PRICE RECEIVED,NEBRASKA,,3.1,CROPS,TOTAL
,JUN,SURVEY,,GRAIN,CORN,STATE,31,06,"CORN, GRAIN - PRICE RECEIVED, MEASURED IN $ / BU",31,,ALL CLASSES,,,,MONTHLY,2020,06,,00000000,FIELD CROPS,NE,NOT SPECIFIED,,,NEBRASKA,9000,$ / BU,UNITED STATES,ALL PRODUCTION PRACTICES,2021-11-30 15:01:54.000,,PRICE RECEIVED,NEBRASKA,,3.07,CROPS,TOTAL
,JUL,SURVEY,,GRAIN,CORN,STATE,31,07,"CORN, GRAIN - PRICE RECEIVED, MEASURED IN $ / BU",31,,ALL CLASSES,,,,MONTHLY,2020,07,,00000000,FIELD CROPS,NE,NOT SPECIFIED,,,NEBRASKA,9000,$ / BU,UNITED STATES,ALL PRODUCTION PRACTICES,2021-11-30 15:01:54.000,,PRICE RECEIVED,NEBRASKA,,3.14,CROPS,TOTAL
,AUG,SURVEY,,GRAIN,CORN,STATE,31,08,"CORN, GRAIN - PRICE RECEIVED, MEASURED IN $ / BU",31,,ALL CLASSES,,,,MONTHLY,2020,08,,00000000,FIELD CROPS,NE,NOT SPECIFIED,,,NEBRASKA,9000,$ / BU,UNITED STATES,ALL PRODUCTION PRACTICES,2021-11-30 15:01:54.000,,PRICE RECEIVED,NEBRASKA,,3.09,CROPS,TOTAL
,SEP,SURVEY,,GRAIN,CORN,STATE,31,09,"CORN, GRAIN - PRICE RECEIVED, MEASURED IN $ / BU",31,,ALL CLASSES,,,,MONTHLY,2020,09,,00000000,FIELD CROPS,NE,NOT SPECIFIED,,,NEBRASKA,9000,$ / BU,UNITED STATES,ALL PRODUCTION PRACTICES,2021-11-30 15:01:54.000,,PRICE RECEIVED,NEBRASKA,,3.33,CROPS,TOTAL
,OCT,SURVEY,,GRAIN,CORN,STATE,31,10,"CORN, GRAIN - PRICE RECEIVED, MEASURED IN $ / BU",31,,ALL CLASSES,,,,MONTHLY,2020,10,,00000000,FIELD CROPS,NE,NOT SPECIFIED,,,NEBRASKA,9000,$ / BU,UNITED STATES,ALL PRODUCTION PRACTICES,2021-11-30 15:01:54.000,,PRICE RECEIVED,NEBRASKA,,3.57,CROPS,TOTAL
,NOV,SURVEY,,GRAIN,CORN,STATE,31,11,"CORN, GRAIN - PRICE RECEIVED, MEASURED IN $ / BU",31,,ALL CLASSES,,,,MONTHLY,2020,11,,00000000,FIELD CROPS,NE,NOT SPECIFIED,,,NEBRASKA,9000,$ / BU,UNITED STATES,ALL PRODUCTION PRACTICES,2021-12-30 15:01:46.000,,PRICE RECEIVED,NEBRASKA,,3.76,CROPS,TOTAL
,DEC,SURVEY,,GRAIN,CORN,STATE,31,12,"CORN, GRAIN - PRICE RECEIVED, MEASURED IN $ / BU",31,,ALL CLASSES,,,,MONTHLY,2020,12,,00000000,FIELD CROPS,NE,NOT SPECIFIED,,,NEBRASKA,9000,$ / BU,UNITED STATES,ALL PRODUCTION PRACTICES,2022-01-31 15:05:53.000,,PRICE RECEIVED,NEBRASKA,,3.92,CROPS,TOTAL
,JAN,SURVEY,,GRAIN,CORN,STATE,31,01,"CORN, GRAIN - PRICE RECEIVED, MEASURED IN $ / BU",31,,ALL CLASSES,,,,MONTHLY,2019,01,,00000000,FIELD CROPS,NE,NOT SPECIFIED,,,NEBRASKA,9000,$ / BU,UNITED STATES,ALL PRODUCTION PRACTICES,2020-11-30 15:04:12.000,,PRICE RECEIVED,NEBRASKA,,3.52,CROPS,TOTAL
,FEB,SURVEY,,GRAIN,CORN,STATE,31,02,"CORN, GRAIN - PRICE RECEIVED, MEASURED IN $ / BU",31,,ALL CLASSES,,,,MONTHLY,2019,02,,00000000,FIELD CROPS,NE,NOT SPECIFIED,,,NEBRASKA,9000,$ / BU,UNITED STATES,ALL PRODUCTION PRACTICES,2020-11-30 15:04:12.000,,PRICE RECEIVED,NEBRASKA,,3.55,CROPS,TOTAL
,MAR,SURVEY,,GRAIN,CORN,STATE,31,03,"CORN, GRAIN - PRICE RECEIVED, MEASURED IN $ / BU",31,,ALL CLASSES,,,,MONTHLY,2019,03,,00000000,FIELD CROPS,NE,NOT SPECIFIED,,,NEBRASKA,9000,$ / BU,UNITED STATES,ALL PRODUCTION PRACTICES,2020-11-30 15:04:12.000,,PRICE RECEIVED,NEBRASKA,,3.58,CROPS,TOTAL
,APR,SURVEY,,GRAIN,CORN,STATE,31,04,"CORN, GRAIN - PRICE RECEIVED, MEASURED IN $ / BU",31,,ALL CLASSES,,,,MONTHLY,2019,04,,00000000,FIELD CROPS,NE,NOT SPECIFIED,,,NEBRASKA,9000,$ / BU,UNITED STATES,ALL PRODUCTION PRACTICES,2020-11-30 15:04:12.000,,PRICE RECEIVED,NEBRASKA,,3.49,CROPS,TOTAL
,MAY,SURVEY,,GRAIN,CORN,STATE,31,05,"CORN, GRAIN - PRICE RECEIVED, MEASURED IN $ / BU",31,,ALL CLASSES,,,,MONTHLY,2019,05,,00000000,FIELD CROPS,NE,NOT SPECIFIED,,,NEBRASKA,9000,$ / BU,UNITED STATES,ALL PRODUCTION PRACTICES,2020-11-30 15:04:12.000,,PRICE RECEIVED,NEBRASKA,,3.62,CROPS,TOTAL
,JUN,SURVEY,,GRAIN,CORN,STATE,31,06,"CORN, GRAIN - PRICE RECEIVED, MEASURED IN $ / BU",31,,ALL CLASSES,,,,MONTHLY,2019,06,,00000000,FIELD CROPS,NE,NOT SPECIFIED,,,NEBRASKA,9000,$ / BU,UNITED STATES,ALL PRODUCTION PRACTICES,2020-11-30 15:04:12.000,,PRICE RECEIVED,NEBRASKA,,3.91,CROPS,TOTAL
,JUL,SURVEY,,GRAIN,CORN,STATE,31,07,"CORN, GRAIN - PRICE RECEIVED, MEASURED IN $ / BU",31,,ALL CLASSES,,,,MONTHLY,2019,07,,00000000,FIELD CROPS,NE,NOT SPECIFIED,,,NEBRASKA,9000,$ / BU,UNITED STATES,ALL PRODUCTION PRACTICES,2021-11-30 15:01:54.000,,PRICE RECEIVED,NEBRASKA,,4.12,CROPS,TOTAL
,AUG,SURVEY,,GRAIN,CORN,STATE,31,08,"CORN, GRAIN - PRICE RECEIVED, MEASURED IN $ / BU",31,,ALL CLASSES,,,,MONTHLY,2019,08,,00000000,FIELD CROPS,NE,NOT SPECIFIED,,,NEBRASKA,9000,$ / BU,UNITED STATES,ALL PRODUCTION PRACTICES,2021-11-30 15:01:54.000,,PRICE RECEIVED,NEBRASKA,,3.8,CROPS,TOTAL
,SEP,SURVEY,,GRAIN,CORN,STATE,31,09,"CORN, GRAIN - PRICE RECEIVED, MEASURED IN $ / BU",31,,ALL CLASSES,,,,MONTHLY,2019,09,,00000000,FIELD CROPS,NE,NOT SPECIFIED,,,NEBRASKA,9000,$ / BU,UNITED STATES,ALL PRODUCTION PRACTICES,2021-11-30 15:01:54.000,,PRICE RECEIVED,NEBRASKA,,3.72,CROPS,TOTAL
,OCT,SURVEY,,GRAIN,CORN,STATE,31,10,"CORN, GRAIN - PRICE RECEIVED, MEASURED IN $ / BU",31,,ALL CLASSES,,,,MONTHLY,2019,10,,00000000,FIELD CROPS,NE,NOT SPECIFIED,,,NEBRASKA,9000,$ / BU,UNITED STATES,ALL PRODUCTION PRACTICES,2021-11-30 15:01:54.000,,PRICE RECEIVED,NEBRASKA,,3.79,CROPS,TOTAL
,NOV,SURVEY,,GRAIN,CORN,STATE,31,11,"CORN, GRAIN - PRICE RECEIVED, MEASURED IN $ / BU",31,,ALL CLASSES,,,,MONTHLY,2019,11,,00000000,FIELD CROPS,NE,NOT SPECIFIED,,,NEBRASKA,9000,$ / BU,UNITED STATES,ALL PRODUCTION PRACTICES,2021-11-30 15:01:54.000,,PRICE RECEIVED,NEBRASKA,,3.64,CROPS,TOTAL
,DEC,SURVEY,,GRAIN,CORN,STATE,31,12,"CORN, GRAIN - PRICE RECEIVED, MEASURED IN $ / BU",31,,ALL CLASSES,,,,MONTHLY,2019,12,,00000000,FIELD CROPS,NE,NOT SPECIFIED,,,NEBRASKA,9000,$ / BU,UNITED STATES,ALL PRODUCTION PRACTICES,2021-11-30 15:01:54.000,,PRICE RECEIVED,NEBRASKA,,3.67,CROPS,TOTAL
,JAN,SURVEY,,GRAIN,CORN,STATE,31,01,"CORN, GRAIN - PRICE RECEIVED, MEASURED IN $ / BU",31,,ALL CLASSES,,,,MONTHLY,2018,01,,00000000,FIELD CROPS,NE,NOT SPECIFIED,,,NEBRASKA,9000,$ / BU,UNITED STATES,ALL PRODUCTION PRACTICES,2019-11-27 15:09:50.000,,PRICE RECEIVED,NEBRASKA,,3.24,CROPS,TOTAL
,FEB,SURVEY,,GRAIN,CORN,STATE,31,02,"CORN, GRAIN - PRICE RECEIVED, MEASURED IN $ / BU",31,,ALL CLASSES,,,,MONTHLY,2018,02,,00000000,FIELD CROPS,NE,NOT SPECIFIED,,,NEBRASKA,9000,$ / BU,UNITED STATES,ALL PRODUCTION PRACTICES,2019-11-27 15:09:50.000,,PRICE RECEIVED,NEBRASKA,,3.35,CROPS,TOTAL
,MAR,SURVEY,,GRAIN,CORN,STATE,31,03,"CORN, GRAIN - PRICE RECEIVED, MEASURED IN $ / BU",31,,ALL CLASSES,,,,MONTHLY,2018,03,,00000000,FIELD CROPS,NE,NOT SPECIFIED,,,NEBRASKA,9000,$ / BU,UNITED STATES,ALL PRODUCTION PRACTICES,2019-11-27 15:09:50.000,,PRICE RECEIVED,NEBRASKA,,3.51,CROPS,TOTAL
,APR,SURVEY,,GRAIN,CORN,STATE,31,04,"CORN, GRAIN - PRICE RECEIVED, MEASURED IN $ / BU",31,,ALL CLASSES,,,,MONTHLY,2018,04,,00000000,FIELD CROPS,NE,NOT SPECIFIED,,,NEBRASKA,9000,$ / BU,UNITED STATES,ALL PRODUCTION PRACTICES,2019-11-27 15:09:50.000,,PRICE RECEIVED,NEBRASKA,,3.59,CROPS,TOTAL
,MAY,SURVEY,,GRAIN,CORN,STATE,31,05,"CORN, GRAIN - PRICE RECEIVED, MEASURED IN $ / BU",31,,ALL CLASSES,,,,MONTHLY,2018,05,,00000000,FIELD CROPS,NE,NOT SPECIFIED,,,NEBRASKA,9000,$ / BU,UNITED STATES,ALL PRODUCTION PRACTICES,2019-11-27 15:09:50.000,,PRICE RECEIVED,NEBRASKA,,3.72,CROPS,TOTAL
,JUN,SURVEY,,GRAIN,CORN,STATE,31,06,"CORN, GRAIN - PRICE RECEIVED, MEASURED IN $ / BU",31,,ALL CLASSES,,,,MONTHLY,2018,06,,00000000,FIELD CROPS,NE,NOT SPECIFIED,,,NEBRASKA,9000,$ / BU,UNITED STATES,ALL PRODUCTION PRACTICES,2019-11-27 15:09:50.000,,PRICE RECEIVED,NEBRASKA,,3.58,CROPS,TOTAL
,JUL,SURVEY,,GRAIN,CORN,STATE,31,07,"CORN, GRAIN - PRICE RECEIVED, MEASURED IN $ / BU",31,,ALL CLASSES,,,,MONTHLY,2018,07,,00000000,FIELD CROPS,NE,NOT SPECIFIED,,,NEBRASKA,9000,$ / BU,UNITED STATES,ALL PRODUCTION PRACTICES,2020-11-30 15:04:12.000,,PRICE RECEIVED,NEBRASKA,,3.45,CROPS,TOTAL
,AUG,SURVEY,,GRAIN,CORN,STATE,31,08,"CORN, GRAIN - PRICE RECEIVED, MEASURED IN $ / BU",31,,ALL CLASSES,,,,MONTHLY,2018,08,,00000000,FIELD CROPS,NE,NOT SPECIFIED,,,NEBRASKA,9000,$ / BU,UNITED STATES,ALL PRODUCTION PRACTICES,2020-11-30 15:04:12.000,,PRICE RECEIVED,NEBRASKA,,3.37,CROPS,TOTAL
,SEP,SURVEY,,GRAIN,CORN,STATE,31,09,"CORN, GRAIN - PRICE RECEIVED, MEASURED IN $ / BU",31,,ALL CLASSES,,,,MONTHLY,2018,09,,00000000,FIELD CROPS,NE,NOT SPECIFIED,,,NEBRASKA,9000,$ / BU,UNITED STATES,ALL PRODUCTION PRACTICES,2020-11-30 15:04:12.000,,PRICE RECEIVED,NEBRASKA,,3.3,CROPS,TOTAL
,OCT,SURVEY,,GRAIN,CORN,STATE,31,10,"CORN, GRAIN - PRICE RECEIVED, MEASURED IN $ / BU",31,,ALL CLASSES,,,,MONTHLY,2018,10,,00000000,FIELD CROPS,NE,NOT SPECIFIED,,,NEBRASKA,9000,$ / BU,UNITED STATES,ALL PRODUCTION PRACTICES,2020-11-30 15:04:12.000,,PRICE RECEIVED,NEBRASKA,,3.41,CROPS,TOTAL
,NOV,SURVEY,,GRAIN,CORN,STATE,31,11,"CORN, GRAIN - PRICE RECEIVED, MEASURED IN $ / BU",31,,ALL CLASSES,,,,MONTHLY,2018,11,,00000000,FIELD CROPS,NE,NOT SPECIFIED,,,NEBRASKA,9000,$ / BU,UNITED STATES,ALL PRODUCTION PRACTICES,2020-11-30 15:04:12.000,,PRICE RECEIVED,NEBRASKA,,3.45,CROPS,TOTAL
,DEC,SURVEY,,GRAIN,CORN,STATE,31,12,"CORN, GRAIN - PRICE RECEIVED, MEASURED IN $ / BU",31,,ALL CLASSES,,,,MONTHLY,2018,12,,00000000,FIELD CROPS,NE,NOT SPECIFIED,,,NEBRASKA,9000,$ / BU,UNITED STATES,ALL PRODUCTION PRACTICES,2020-11-30 15:04:12.000,,PRICE RECEIVED,NEBRASKA,,3.49,CROPS,TOTAL
,JAN,SURVEY,,GRAIN,CORN,STATE,31,01,"CORN, GRAIN - PRICE RECEIVED, MEASURED IN $ / BU",31,,ALL CLASSES,,,,MONTHLY,2017,01,,00000000,FIELD CROPS,NE,NOT SPECIFIED,,,NEBRASKA,9000,$ / BU,UNITED STATES,ALL PRODUCTION PRACTICES,2018-11-29 15:01:10.000,,PRICE RECEIVED,NEBRASKA,,3.31,CROPS,TOTAL
,FEB,SURVEY,,GRAIN,CORN,STATE,31,02,"CORN, GRAIN - PRICE RECEIVED, MEASURED IN $ / BU",31,,ALL CLASSES,,,,MONTHLY,2017,02,,00000000,FIELD CROPS,NE,NOT SPECIFIED,,,NEBRASKA,9000,$ / BU,UNITED STATES,ALL PRODUCTION PRACTICES,2018-11-29 15:01:10.000,,PRICE RECEIVED,NEBRASKA,,3.41,CROPS,TOTAL
,MAR,SURVEY,,GRAIN,CORN,STATE,31,03,"CORN, GRAIN - PRICE RECEIVED, MEASURED IN $ / BU",31,,ALL CLASSES,,,,MONTHLY,2017,03,,00000000,FIELD CROPS,NE,NOT SPECIFIED,,,NEBRASKA,9000,$ / BU,UNITED STATES,ALL PRODUCTION PRACTICES,2018-11-29 15:01:10.000,,PRICE RECEIVED,NEBRASKA,,3.41,CROPS,TOTAL
,APR,SURVEY,,GRAIN,CORN,STATE,31,04,"CORN, GRAIN - PRICE RECEIVED, MEASURED IN $ / BU",31,,ALL CLASSES,,,,MONTHLY,2017,04,,00000000,FIELD CROPS,NE,NOT SPECIFIED,,,NEBRASKA,9000,$ / BU,UNITED STATES,ALL PRODUCTION PRACTICES,2018-11-29 15:01:10.000,,PRICE RECEIVED,NEBRASKA,,3.37,CROPS,TOTAL
,MAY,SURVEY,,GRAIN,CORN,STATE,31,05,"CORN, GRAIN - PRICE RECEIVED, MEASURED IN $ / BU",31,,ALL CLASSES,,,,MONTHLY,2017,05,,00000000,FIELD CROPS,NE,NOT SPECIFIED,,,NEBRASKA,9000,$ / BU,UNITED STATES,ALL PRODUCTION PRACTICES,2018-11-29 15:01:10.000,,PRICE RECEIVED,NEBRASKA,,3.39,CROPS,TOTAL
,JUN,SURVEY,,GRAIN,CORN,STATE,31,06,"CORN, GRAIN - PRICE RECEIVED, MEASURED IN $ / BU",31,,ALL CLASSES,,,,MONTHLY,2017,06,,00000000,FIELD CROPS,NE,NOT SPECIFIED,,,NEBRASKA,9000,$ / BU,UNITED STATES,ALL PRODUCTION PRACTICES,2018-11-29 15:01:10.000,,PRICE RECEIVED,NEBRASKA,,3.38,CROPS,TOTAL
,JUL,SURVEY,,GRAIN,CORN,STATE,31,07,"CORN, GRAIN - PRICE RECEIVED, MEASURED IN $ / BU",31,,ALL CLASSES,,,,MONTHLY,2017,07,,00000000,FIELD CROPS,NE,NOT SPECIFIED,,,NEBRASKA,9000,$ / BU,UNITED STATES,ALL PRODUCTION PRACTICES,2019-11-27 15:09:50.000,,PRICE RECEIVED,NEBRASKA,,3.46,CROPS,TOTAL
,AUG,SURVEY,,GRAIN,CORN,STATE,31,08,"CORN, GRAIN - PRICE RECEIVED, MEASURED IN $ / BU",31,,ALL CLASSES,,,,MONTHLY,2017,08,,00000000,FIELD CROPS,NE,NOT SPECIFIED,,,NEBRASKA,9000,$ / BU,UNITED STATES,ALL PRODUCTION PRACTICES,2019-11-27 15:09:50.000,,PRICE RECEIVED,NEBRASKA,,3.27,CROPS,TOTAL
,SEP,SURVEY,,GRAIN,CORN,STATE,31,09,"CORN, GRAIN - PRICE RECEIVED, MEASURED IN $ / BU",31,,ALL CLASSES,,,,MONTHLY,2017,09,,00000000,FIELD CROPS,NE,NOT SPECIFIED,,,NEBRASKA,9000,$ / BU,UNITED STATES,ALL PRODUCTION PRACTICES,2019-11-27 15:09:50.000,,PRICE RECEIVED,NEBRASKA,,3.19,CROPS,TOTAL
,OCT,SURVEY,,GRAIN,CORN,STATE,31,10,"CORN, GRAIN - PRICE RECEIVED, MEASURED IN $ / BU",31,,ALL CLASSES,,,,MONTHLY,2017,10,,00000000,FIELD CROPS,NE,NOT SPECIFIED,,,NEBRASKA,9000,$ / BU,UNITED STATES,ALL PRODUCTION PRACTICES,2019-11-27 15:09:50.000,,PRICE RECEIVED,NEBRASKA,,3.28,CROPS,TOTAL
,NOV,SURVEY,,GRAIN,CORN,STATE,31,11,"CORN, GRAIN - PRICE RECEIVED, MEASURED IN $ / BU",31,,ALL CLASSES,,,,MONTHLY,2017,11,,00000000,FIELD CROPS,NE,NOT SPECIFIED,,,NEBRASKA,9000,$ / BU,UNITED STATES,ALL PRODUCTION PRACTICES,2019-11-27 15:09:50.000,,PRICE RECEIVED,NEBRASKA,,3.2,CROPS,TOTAL
,DEC,SURVEY,,GRAIN,CORN,STATE,31,12,"CORN, GRAIN - PRICE RECEIVED, MEASURED IN $ / BU",31,,ALL CLASSES,,,,MONTHLY,2017,12,,00000000,FIELD CROPS,NE,NOT SPECIFIED,,,NEBRASKA,9000,$ / BU,UNITED STATES,ALL PRODUCTION PRACTICES,2019-11-27 15:09:50.000,,PRICE RECEIVED,NEBRASKA,,3.21,CROPS,TOTAL
,JAN,SURVEY,,GRAIN,CORN,STATE,31,01,"CORN, GRAIN - PRICE RECEIVED, MEASURED IN $ / BU",31,,ALL CLASSES,,,,MONTHLY,2016,01,,00000000,FIELD CROPS,NE,NOT SPECIFIED,,,NEBRASKA,9000,$ / BU,UNITED STATES,ALL PRODUCTION PRACTICES,2017-11-30 15:00:27.000,,PRICE RECEIVED,NEBRASKA,,3.58,CROPS,TOTAL
,FEB,SURVEY,,GRAIN,CORN,STATE,31,02,"CORN, GRAIN - PRICE RECEIVED, MEASURED IN $ / BU",31,,ALL CLASSES,,,,MONTHLY,2016,02,,00000000,FIELD CROPS,NE,NOT SPECIFIED,,,NEBRASKA,9000,$ / BU,UNITED STATES,ALL PRODUCTION PRACTICES,2017-11-30 15:00:27.000,,PRICE RECEIVED,NEBRASKA,,3.55,CROPS,TOTAL
,MAR,SURVEY,,GRAIN,CORN,STATE,31,03,"CORN, GRAIN - PRICE RECEIVED, MEASURED IN $ / BU",31,,ALL CLASSES,,,,MONTHLY,2016,03,,00000000,FIELD CROPS,NE,NOT SPECIFIED,,,NEBRASKA,9000,$ / BU,UNITED STATES,ALL PRODUCTION PRACTICES,2017-11-30 15:00:27.000,,PRICE RECEIVED,NEBRASKA,,3.49,CROPS,TOTAL
,APR,SURVEY,,GRAIN,CORN,STATE,31,04,"CORN, GRAIN - PRICE RECEIVED, MEASURED IN $ / BU",31,,ALL CLASSES,,,,MONTHLY,2016,04,,00000000,FIELD CROPS,NE,NOT SPECIFIED,,,NEBRASKA,9000,$ / BU,UNITED STATES,ALL PRODUCTION PRACTICES,2017-11-30 15:00:27.000,,PRICE RECEIVED,NEBRASKA,,3.44,CROPS,TOTAL
,MAY,SURVEY,,GRAIN,CORN,STATE,31,05,"CORN, GRAIN - PRICE RECEIVED, MEASURED IN $ / BU",31,,ALL CLASSES,,,,MONTHLY,2016,05,,00000000,FIELD CROPS,NE,NOT SPECIFIED,,,NEBRASKA,9000,$ / BU,UNITED STATES,ALL PRODUCTION PRACTICES,2017-11-30 15:00:27.000,,PRICE RECEIVED,NEBRASKA,,3.56,CROPS,TOTAL
,JUN,SURVEY,,GRAIN,CORN,STATE,31,06,"CORN, GRAIN - PRICE RECEIVED, MEASURED IN $ / BU",31,,ALL CLASSES,,,,MONTHLY,2016,06,,00000000,FIELD CROPS,NE,NOT SPECIFIED,,,NEBRASKA,9000,$ / BU,UNITED STATES,ALL PRODUCTION PRACTICES,2017-11-30 15:00:27.000,,PRICE RECEIVED,NEBRASKA,,3.68,CROPS,TOTAL
,JUL,SURVEY,,GRAIN,CORN,STATE,31,07,"CORN, GRAIN - PRICE RECEIVED, MEASURED IN $ / BU",31,,ALL CLASSES,,,,MONTHLY,2016,07,,00000000,FIELD CROPS,NE,NOT SPECIFIED,,,NEBRASKA,9000,$ / BU,UNITED STATES,ALL PRODUCTION PRACTICES,2018-11-29 15:01:10.000,,PRICE RECEIVED,NEBRASKA,,3.63,CROPS,TOTAL
,AUG,SURVEY,,GRAIN,CORN,STATE,31,08,"CORN, GRAIN - PRICE RECEIVED, MEASURED IN $ / BU",31,,ALL CLASSES,,,,MONTHLY,2016,08,,00000000,FIELD CROPS,NE,NOT SPECIFIED,,,NEBRASKA,9000,$ / BU,UNITED STATES,ALL PRODUCTION PRACTICES,2018-11-29 15:01:10.000,,PRICE RECEIVED,NEBRASKA,,3.19,CROPS,TOTAL
,SEP,SURVEY,,GRAIN,CORN,STATE,31,09,"CORN, GRAIN - PRICE RECEIVED, MEASURED IN $ / BU",31,,ALL CLASSES,,,,MONTHLY,2016,09,,00000000,FIELD CROPS,NE,NOT SPECIFIED,,,NEBRASKA,9000,$ / BU,UNITED STATES,ALL PRODUCTION PRACTICES,2018-11-29 15:01:10.000,,PRICE RECEIVED,NEBRASKA,,3.1,CROPS,TOTAL
,OCT,SURVEY,,GRAIN,CORN,STATE,31,10,"CORN, GRAIN - PRICE RECEIVED, MEASURED IN $ / BU",31,,ALL CLASSES,,,,MONTHLY,2016,10,,00000000,FIELD CROPS,NE,NOT SPECIFIED,,,NEBRASKA,9000,$ / BU,UNITED STATES,ALL PRODUCTION PRACTICES,2018-11-29 15:01:10.000,,PRICE RECEIVED,NEBRASKA,,3.3,CROPS,TOTAL
,NOV,SURVEY,,GRAIN,CORN,STATE,31,11,"CORN, GRAIN - PRICE RECEIVED, MEASURED IN $ / BU",31,,ALL CLASSES,,,,MONTHLY,2016,11,,00000000,FIELD CROPS,NE,NOT SPECIFIED,,,NEBRASKA,9000,$ / BU,UNITED STATES,ALL PRODUCTION PRACTICES,2018-11-29 15:01:10.000,,PRICE RECEIVED,NEBRASKA,,3.25,CROPS,TOTAL
,DEC,SURVEY,,GRAIN,CORN,STATE,31,12,"CORN, GRAIN - PRICE RECEIVED, MEASURED IN $ / BU",31,,ALL CLASSES,,,,MONTHLY,2016,12,,00000000,FIELD CROPS,NE,NOT SPECIFIED,,,NEBRASKA,9000,$ / BU,UNITED STATES,ALL PRODUCTION PRACTICES,2018-11-29 15:01:10.000,,PRICE RECEIVED,NEBRASKA,,3.28,CROPS,TOTAL
,JAN,SURVEY,,GRAIN,CORN,STATE,31,01,"CORN, GRAIN - PRICE RECEIVED, MEASURED IN $ / BU",31,,ALL CLASSES,,,,MONTHLY,2015,01,,00000000,FIELD CROPS,NE,NOT SPECIFIED,,,NEBRASKA,9000,$ / BU,UNITED STATES,ALL PRODUCTION PRACTICES,2016-11-30 15:19:50.000,,PRICE RECEIVED,NEBRASKA,,3.88,CROPS,TOTAL
,FEB,SURVEY,,GRAIN,CORN,STATE,31,02,"CORN, GRAIN - PRICE RECEIVED, MEASURED IN $ / BU",31,,ALL CLASSES,,,,MONTHLY,2015,02,,00000000,FIELD CROPS,NE,NOT SPECIFIED,,,NEBRASKA,9000,$ / BU,UNITED STATES,ALL PRODUCTION PRACTICES,2016-11-30 15:19:50.000,,PRICE RECEIVED,NEBRASKA,,3.9,CROPS,TOTAL
,MAR,SURVEY,,GRAIN,CORN,STATE,31,03,"CORN, GRAIN - PRICE RECEIVED, MEASURED IN $ / BU",31,,ALL CLASSES,,,,MONTHLY,2015,03,,00000000,FIELD CROPS,NE,NOT SPECIFIED,,,NEBRASKA,9000,$ / BU,UNITED STATES,ALL PRODUCTION PRACTICES,2016-11-30 15:19:50.000,,PRICE RECEIVED,NEBRASKA,,3.88,CROPS,TOTAL
,APR,SURVEY,,GRAIN,CORN,STATE,31,04,"CORN, GRAIN - PRICE RECEIVED, MEASURED IN $ / BU",31,,ALL CLASSES,,,,MONTHLY,2015,04,,00000000,FIELD CROPS,NE,NOT SPECIFIED,,,NEBRASKA,9000,$ / BU,UNITED STATES,ALL PRODUCTION PRACTICES,2016-11-30 15:19:50.000,,PRICE RECEIVED,NEBRASKA,,3.83,CROPS,TOTAL
,MAY,SURVEY,,GRAIN,CORN,STATE,31,05,"CORN, GRAIN - PRICE RECEIVED, MEASURED IN $ / BU",31,,ALL CLASSES,,,,MONTHLY,2015,05,,00000000,FIELD CROPS,NE,NOT SPECIFIED,,,NEBRASKA,9000,$ / BU,UNITED STATES,ALL PRODUCTION PRACTICES,2016-11-30 15:19:50.000,,PRICE RECEIVED,NEBRASKA,,3.76,CROPS,TOTAL
,JUN,SURVEY,,GRAIN,CORN,STATE,31,06,"CORN, GRAIN - PRICE RECEIVED, MEASURED IN $ / BU",31,,ALL CLASSES,,,,MONTHLY,2015,06,,00000000,FIELD CROPS,NE,NOT SPECIFIED,,,NEBRASKA,9000,$ / BU,UNITED STATES,ALL PRODUCTION PRACTICES,2016-11-30 15:19:50.000,,PRICE RECEIVED,NEBRASKA,,3.68,CROPS,TOTAL
,JUL,SURVEY,,GRAIN,CORN,STATE,31,07,"CORN, GRAIN - PRICE RECEIVED, MEASURED IN $ / BU",31,,ALL CLASSES,,,,MONTHLY,2015,07,,00000000,FIELD CROPS,NE,NOT SPECIFIED,,,NEBRASKA,9000,$ / BU,UNITED STATES,ALL PRODUCTION PRACTICES,2017-11-30 15:00:27.000,,PRICE RECEIVED,NEBRASKA,,3.82,CROPS,TOTAL
,AUG,SURVEY,,GRAIN,CORN,STATE,31,08,"CORN, GRAIN - PRICE RECEIVED, MEASURED IN $ / BU",31,,ALL CLASSES,,,,MONTHLY,2015,08,,00000000,FIELD CROPS,NE,NOT SPECIFIED,,,NEBRASKA,9000,$ / BU,UNITED STATES,ALL PRODUCTION PRACTICES,2017-11-30 15:00:27.000,,PRICE RECEIVED,NEBRASKA,,3.72,CROPS,TOTAL
,SEP,SURVEY,,GRAIN,CORN,STATE,31,09,"CORN, GRAIN - PRICE RECEIVED, MEASURED IN $ / BU",31,,ALL CLASSES,,,,MONTHLY,2015,09,,00000000,FIELD CROPS,NE,NOT SPECIFIED,,,NEBRASKA,9000,$ / BU,UNITED STATES,ALL PRODUCTION PRACTICES,2017-11-30 15:00:27.000,,PRICE RECEIVED,NEBRASKA,,3.64,CROPS,TOTAL
,OCT,SURVEY,,GRAIN,CORN,STATE,31,10,"CORN, GRAIN - PRICE RECEIVED, MEASURED IN $ / BU",31,,ALL CLASSES,,,,MONTHLY,2015,10,,00000000,FIELD CROPS,NE,NOT SPECIFIED,,,NEBRASKA,9000,$ / BU,UNITED STATES,ALL PRODUCTION PRACTICES,2017-11-30 15:00:27.000,,PRICE RECEIVED,NEBRASKA,,3.68,CROPS,TOTAL
,NOV,SURVEY,,GRAIN,CORN,STATE,31,11,"CORN, GRAIN - PRICE RECEIVED, MEASURED IN $ / BU",31,,ALL CLASSES,,,,MONTHLY,2015,11,,00000000,FIELD CROPS,NE,NOT SPECIFIED,,,NEBRASKA,9000,$ / BU,UNITED STATES,ALL PRODUCTION PRACTICES,2017-11-30 15:00:27.000,,PRICE RECEIVED,NEBRASKA,,3.62,CROPS,TOTAL
,DEC,SURVEY,,GRAIN,CORN,STATE,31,12,"CORN, GRAIN - PRICE RECEIVED, MEASURED IN $ / BU",31,,ALL CLASSES,,,,MONTHLY,2015,12,,00000000,FIELD CROPS,NE,NOT SPECIFIED,,,NEBRASKA,9000,$ / BU,UNITED STATES,ALL PRODUCTION PRACTICES,2017-11-30 15:00:27.000,,PRICE RECEIVED,NEBRASKA,,3.64,CROPS,TOTAL
