country_name,unit_desc,country_code,location_desc,county_ansi,county_code,state_alpha,domaincat_desc,group_desc,watershed_code,domain_desc,sector_desc,state_name,week_ending,Value,statisticcat_desc,asd_code,load_time,prodn_practice_desc,begin_code,state_fips_code,agg_level_desc,commodity_desc,util_practice_desc,source_desc,county_name,reference_period_desc,region_desc,CV (%),end_code,year,freq_desc,asd_desc,watershed_desc,congr_district_code,zip_5,class_desc,state_ansi,short_desc
UNITED STATES,$ / BU,9000,OHIO,,,OH,NOT SPECIFIED,FIELD CROPS,00000000,TOTAL,CROPS,OHIO,,4.19,PRICE RECEIVED,,2026-02-27 15:00:00.000,ALL PRODUCTION PRACTICES,01,39,STATE,CORN,GRAIN,SURVEY,,JAN,,,01,2026,MONTHLY,,,,,ALL CLASSES,39,"CORN, GRAIN - PRICE RECEIVED, MEASURED IN $ / BU"
UNITED STATES,$ / BU,9000,OHIO,,,OH,NOT SPECIFIED,FIELD CROPS,00000000,TOTAL,CROPS,OHIO,,4.41,PRICE RECEIVED,,2026-03-30 15:00:00.000,ALL PRODUCTION PRACTICES,02,39,STATE,CORN,GRAIN,SURVEY,,FEB,,,02,2026,MONTHLY,,,,,ALL CLASSES,39,"CORN, GRAIN - PRICE RECEIVED, MEASURED IN $ / BU"
UNITED STATES,$ / BU,9000,OHIO,,,OH,NOT SPECIFIED,FIELD CROPS,00000000,TOTAL,CROPS,OHIO,,4.59,PRICE RECEIVED,,2026-04-30 15:00:00.000,ALL PRODUCTION PRACTICES,03,39,STATE,CORN,GRAIN,SURVEY,,MAR,,,03,2026,MONTHLY,,,,,ALL CLASSES,39,"CORN, GRAIN - PRICE RECEIVED, MEASURED IN $ / BU"
UNITED STATES,$ / BU,9000,OHIO,,,OH,NOT SPECIFIED,FIELD CROPS,00000000,TOTAL,CROPS,OHIO,,4.68,PRICE RECEIVED,,2026-05-29 15:00:00.000,ALL PRODUCTION PRACTICES,04,39,STATE,CORN,GRAIN,SURVEY,,APR,,,04,2026,MONTHLY,,,,,ALL CLASSES,39,"CORN, GRAIN - PRICE RECEIVED, MEASURED IN $ / BU"
UNITED STATES,$ / BU,9000,OHIO,,,OH,NOT SPECIFIED,FIELD CROPS,00000000,TOTAL,CROPS,OHIO,,4.84,PRICE RECEIVED,,2026-06-29 15:00:00.000,ALL PRODUCTION PRACTICES,05,39,STATE,CORN,GRAIN,SURVEY,,MAY,,,05,2026,MONTHLY,,,,,ALL CLASSES,39,"CORN, GRAIN - PRICE RECEIVED, MEASURED IN $ / BU"
UNITED STATES,$ / BU,9000,OHIO,,,OH,NOT SPECIFIED,FIELD CROPS,00000000,TOTAL,CROPS,OHIO,,4.33,PRICE RECEIVED,,2025-09-30 15:00:00.000,ALL PRODUCTION PRACTICES,01,39,STATE,CORN,GRAIN,SURVEY,,JAN,,,01,2025,MONTHLY,,,,,ALL CLASSES,39,"CORN, GRAIN - PRICE RECEIVED, MEASURED IN $ / BU"
UNITED STATES,$ / BU,9000,OHIO,,,OH,NOT SPECIFIED,FIELD CROPS,00000000,TOTAL,CROPS,OHIO,,4.67,PRICE RECEIVED,,2025-09-30 15:00:00.000,ALL PRODUCTION PRACTICES,02,39,STATE,CORN,GRAIN,SURVEY,,FEB,,,02,2025,MONTHLY,,,,,ALL CLASSES,39,"CORN, GRAIN - PRICE RECEIVED, MEASURED IN $ / BU"
UNITED STATES,$ / BU,9000,OHIO,,,OH,NOT SPECIFIED,FIELD CROPS,00000000,TOTAL,CROPS,OHIO,,4.66,PRICE RECEIVED,,2025-09-30 15:00:00.000,ALL PRODUCTION PRACTICES,03,39,STATE,CORN,GRAIN,SURVEY,,MAR,,,03,2025,MONTHLY,,,,,ALL CLASSES,39,"CORN, GRAIN - PRICE RECEIVED, MEASURED IN $ / BU"
UNITED STATES,$ / BU,9000,OHIO,,,OH,NOT SPECIFIED,FIELD CROPS,00000000,TOTAL,CROPS,OHIO,,4.8,PRICE RECEIVED,,2025-09-30 15:00:00.000,ALL PRODUCTION PRACTICES,04,39,STATE,CORN,GRAIN,SURVEY,,APR,,,04,2025,MONTHLY,,,,,ALL CLASSES,39,"CORN, GRAIN - PRICE RECEIVED, MEASURED IN $ / BU"
UNITED STATES,$ / BU,9000,OHIO,,,OH,NOT SPECIFIED,FIELD CROPS,00000000,TOTAL,CROPS,OHIO,,4.87,PRICE RECEIVED,,2025-09-30 15:00:00.000,ALL PRODUCTION PRACTICES,05,39,STATE,CORN,GRAIN,SURVEY,,MAY,,,05,2025,MONTHLY,,,,,ALL CLASSES,39,"CORN, GRAIN - PRICE RECEIVED, MEASURED IN $ / BU"
UNITED STATES,$ / BU,9000,OHIO,,,OH,NOT SPECIFIED,FIELD CROPS,00000000,TOTAL,CROPS,OHIO,,4.7,PRICE RECEIVED,,2025-09-30 15:00:00.000,ALL PRODUCTION PRACTICES,06,39,STATE,CORN,GRAIN,SURVEY,,JUN,,,06,2025,MONTHLY,,,,,ALL CLASSES,39,"CORN, GRAIN - PRICE RECEIVED, MEASURED IN $ / BU"
UNITED STATES,$ / BU,9000,OHIO,,,OH,NOT SPECIFIED,FIELD CROPS,00000000,TOTAL,CROPS,OHIO,,4.57,PRICE RECEIVED,,2025-09-30 15:00:00.000,ALL PRODUCTION PRACTICES,07,39,STATE,CORN,GRAIN,SURVEY,,JUL,,,07,2025,MONTHLY,,,,,ALL CLASSES,39,"CORN, GRAIN - PRICE RECEIVED, MEASURED IN $ / BU"
UNITED STATES,$ / BU,9000,OHIO,,,OH,NOT SPECIFIED,FIELD CROPS,00000000,TOTAL,CROPS,OHIO,,4.16,PRICE RECEIVED,,2025-09-30 15:00:00.000,ALL PRODUCTION PRACTICES,08,39,STATE,CORN,GRAIN,SURVEY,,AUG,,,08,2025,MONTHLY,,,,,ALL CLASSES,39,"CORN, GRAIN - PRICE RECEIVED, MEASURED IN $ / BU"
UNITED STATES,$ / BU,9000,OHIO,,,OH,NOT SPECIFIED,FIELD CROPS,00000000,TOTAL,CROPS,OHIO,,3.97,PRICE RECEIVED,,2025-12-15 15:00:00.000,ALL PRODUCTION PRACTICES,09,39,STATE,CORN,GRAIN,SURVEY,,SEP,,,09,2025,MONTHLY,,,,,ALL CLASSES,39,"CORN, GRAIN - PRICE RECEIVED, MEASURED IN $ / BU"
UNITED STATES,$ / BU,9000,OHIO,,,OH,NOT SPECIFIED,FIELD CROPS,00000000,TOTAL,CROPS,OHIO,,3.98,PRICE RECEIVED,,2025-12-15 15:00:00.000,ALL PRODUCTION PRACTICES,10,39,STATE,CORN,GRAIN,SURVEY,,OCT,,,10,2025,MONTHLY,,,,,ALL CLASSES,39,"CORN, GRAIN - PRICE RECEIVED, MEASURED IN $ / BU"
UNITED STATES,$ / BU,9000,OHIO,,,OH,NOT SPECIFIED,FIELD CROPS,00000000,TOTAL,CROPS,OHIO,,4.15,PRICE RECEIVED,,2025-12-31 15:00:00.000,ALL PRODUCTION PRACTICES,11,39,STATE,CORN,GRAIN,SURVEY,,NOV,,,11,2025,MONTHLY,,,,,ALL CLASSES,39,"CORN, GRAIN - PRICE RECEIVED, MEASURED IN $ / BU"
UNITED STATES,$ / BU,9000,OHIO,,,OH,NOT SPECIFIED,FIELD CROPS,00000000,TOTAL,CROPS,OHIO,,4.36,PRICE RECEIVED,,2026-01-30 15:00:00.000,ALL PRODUCTION PRACTICES,12,39,STATE,CORN,GRAIN,SURVEY,,DEC,,,12,2025,MONTHLY,,,,,ALL CLASSES,39,"CORN, GRAIN - PRICE RECEIVED, MEASURED IN $ / BU"
UNITED STATES,$ / BU,9000,OHIO,,,OH,NOT SPECIFIED,FIELD CROPS,00000000,TOTAL,CROPS,OHIO,,4.43,PRICE RECEIVED,,2024-09-27 15:00:00.000,ALL PRODUCTION PRACTICES,01,39,STATE,CORN,GRAIN,SURVEY,,JAN,,,01,2024,MONTHLY,,,,,ALL CLASSES,39,"CORN, GRAIN - PRICE RECEIVED, MEASURED IN $ / BU"
UNITED STATES,$ / BU,9000,OHIO,,,OH,NOT SPECIFIED,FIELD CROPS,00000000,TOTAL,CROPS,OHIO,,4.32,PRICE RECEIVED,,2024-09-27 15:00:00.000,ALL PRODUCTION PRACTICES,02,39,STATE,CORN,GRAIN,SURVEY,,FEB,,,02,2024,MONTHLY,,,,,ALL CLASSES,39,"CORN, GRAIN - PRICE RECEIVED, MEASURED IN $ / BU"
UNITED STATES,$ / BU,9000,OHIO,,,OH,NOT SPECIFIED,FIELD CROPS,00000000,TOTAL,CROPS,OHIO,,4.32,PRICE RECEIVED,,2024-09-27 15:00:00.000,ALL PRODUCTION PRACTICES,03,39,STATE,CORN,GRAIN,SURVEY,,MAR,,,03,2024,MONTHLY,,,,,ALL CLASSES,39,"CORN, GRAIN - PRICE RECEIVED, MEASURED IN $ / BU"
UNITED STATES,$ / BU,9000,OHIO,,,OH,NOT SPECIFIED,FIELD CROPS,00000000,TOTAL,CROPS,OHIO,,4.31,PRICE RECEIVED,,2024-09-27 15:00:00.000,ALL PRODUCTION PRACTICES,04,39,STATE,CORN,GRAIN,SURVEY,,APR,,,04,2024,MONTHLY,,,,,ALL CLASSES,39,"CORN, GRAIN - PRICE RECEIVED, MEASURED IN $ / BU"
UNITED STATES,$ / BU,9000,OHIO,,,OH,NOT SPECIFIED,FIELD CROPS,00000000,TOTAL,CROPS,OHIO,,4.43,PRICE RECEIVED,,2024-09-27 15:00:00.000,ALL PRODUCTION PRACTICES,05,39,STATE,CORN,GRAIN,SURVEY,,MAY,,,05,2024,MONTHLY,,,,,ALL CLASSES,39,"CORN, GRAIN - PRICE RECEIVED, MEASURED IN $ / BU"
UNITED STATES,$ / BU,9000,OHIO,,,OH,NOT SPECIFIED,FIELD CROPS,00000000,TOTAL,CROPS,OHIO,,4.38,PRICE RECEIVED,,2024-09-27 15:00:00.000,ALL PRODUCTION PRACTICES,06,39,STATE,CORN,GRAIN,SURVEY,,JUN,,,06,2024,MONTHLY,,,,,ALL CLASSES,39,"CORN, GRAIN - PRICE RECEIVED, MEASURED IN $ / BU"
UNITED STATES,$ / BU,9000,OHIO,,,OH,NOT SPECIFIED,FIELD CROPS,00000000,TOTAL,CROPS,OHIO,,4.04,PRICE RECEIVED,,2024-09-27 15:00:00.000,ALL PRODUCTION PRACTICES,07,39,STATE,CORN,GRAIN,SURVEY,,JUL,,,07,2024,MONTHLY,,,,,ALL CLASSES,39,"CORN, GRAIN - PRICE RECEIVED, MEASURED IN $ / BU"
UNITED STATES,$ / BU,9000,OHIO,,,OH,NOT SPECIFIED,FIELD CROPS,00000000,TOTAL,CROPS,OHIO,,3.68,PRICE RECEIVED,,2024-09-27 15:00:00.000,ALL PRODUCTION PRACTICES,08,39,STATE,CORN,GRAIN,SURVEY,,AUG,,,08,2024,MONTHLY,,,,,ALL CLASSES,39,"CORN, GRAIN - PRICE RECEIVED, MEASURED IN $ / BU"
UNITED STATES,$ / BU,9000,OHIO,,,OH,NOT SPECIFIED,FIELD CROPS,00000000,TOTAL,CROPS,OHIO,,3.72,PRICE RECEIVED,,2025-09-30 15:00:00.000,ALL PRODUCTION PRACTICES,09,39,STATE,CORN,GRAIN,SURVEY,,SEP,,,09,2024,MONTHLY,,,,,ALL CLASSES,39,"CORN, GRAIN - PRICE RECEIVED, MEASURED IN $ / BU"
UNITED STATES,$ / BU,9000,OHIO,,,OH,NOT SPECIFIED,FIELD CROPS,00000000,TOTAL,CROPS,OHIO,,3.82,PRICE RECEIVED,,2025-09-30 15:00:00.000,ALL PRODUCTION PRACTICES,10,39,STATE,CORN,GRAIN,SURVEY,,OCT,,,10,2024,MONTHLY,,,,,ALL CLASSES,39,"CORN, GRAIN - PRICE RECEIVED, MEASURED IN $ / BU"
UNITED STATES,$ / BU,9000,OHIO,,,OH,NOT SPECIFIED,FIELD CROPS,00000000,TOTAL,CROPS,OHIO,,4.03,PRICE RECEIVED,,2025-09-30 15:00:00.000,ALL PRODUCTION PRACTICES,11,39,STATE,CORN,GRAIN,SURVEY,,NOV,,,11,2024,MONTHLY,,,,,ALL CLASSES,39,"CORN, GRAIN - PRICE RECEIVED, MEASURED IN $ / BU"
UNITED STATES,$ / BU,9000,OHIO,,,OH,NOT SPECIFIED,FIELD CROPS,00000000,TOTAL,CROPS,OHIO,,4.31,PRICE RECEIVED,,2025-09-30 15:00:00.000,ALL PRODUCTION PRACTICES,12,39,STATE,CORN,GRAIN,SURVEY,,DEC,,,12,2024,MONTHLY,,,,,ALL CLASSES,39,"CORN, GRAIN - PRICE RECEIVED, MEASURED IN $ / BU"
UNITED STATES,$ / BU,9000,OHIO,,,OH,NOT SPECIFIED,FIELD CROPS,00000000,TOTAL,CROPS,OHIO,,6.42,PRICE RECEIVED,,2023-11-30 15:00:00.000,ALL PRODUCTION PRACTICES,01,39,STATE,CORN,GRAIN,SURVEY,,JAN,,,01,2023,MONTHLY,,,,,ALL CLASSES,39,"CORN, GRAIN - PRICE RECEIVED, MEASURED IN $ / BU"
UNITED STATES,$ / BU,9000,OHIO,,,OH,NOT SPECIFIED,FIELD CROPS,00000000,TOTAL,CROPS,OHIO,,6.49,PRICE RECEIVED,,2023-11-30 15:00:00.000,ALL PRODUCTION PRACTICES,02,39,STATE,CORN,GRAIN,SURVEY,,FEB,,,02,2023,MONTHLY,,,,,ALL CLASSES,39,"CORN, GRAIN - PRICE RECEIVED, MEASURED IN $ / BU"
UNITED STATES,$ / BU,9000,OHIO,,,OH,NOT SPECIFIED,FIELD CROPS,00000000,TOTAL,CROPS,OHIO,,6.28,PRICE RECEIVED,,2023-11-30 15:00:00.000,ALL PRODUCTION PRACTICES,03,39,STATE,CORN,GRAIN,SURVEY,,MAR,,,03,2023,MONTHLY,,,,,ALL CLASSES,39,"CORN, GRAIN - PRICE RECEIVED, MEASURED IN $ / BU"
UNITED STATES,$ / BU,9000,OHIO,,,OH,NOT SPECIFIED,FIELD CROPS,00000000,TOTAL,CROPS,OHIO,,6.42,PRICE RECEIVED,,2023-11-30 15:00:00.000,ALL PRODUCTION PRACTICES,04,39,STATE,CORN,GRAIN,SURVEY,,APR,,,04,2023,MONTHLY,,,,,ALL CLASSES,39,"CORN, GRAIN - PRICE RECEIVED, MEASURED IN $ / BU"
UNITED STATES,$ / BU,9000,OHIO,,,OH,NOT SPECIFIED,FIELD CROPS,00000000,TOTAL,CROPS,OHIO,,6.1,PRICE RECEIVED,,2023-11-30 15:00:00.000,ALL PRODUCTION PRACTICES,05,39,STATE,CORN,GRAIN,SURVEY,,MAY,,,05,2023,MONTHLY,,,,,ALL CLASSES,39,"CORN, GRAIN - PRICE RECEIVED, MEASURED IN $ / BU"
UNITED STATES,$ / BU,9000,OHIO,,,OH,NOT SPECIFIED,FIELD CROPS,00000000,TOTAL,CROPS,OHIO,,6.19,PRICE RECEIVED,,2023-11-30 15:00:00.000,ALL PRODUCTION PRACTICES,06,39,STATE,CORN,GRAIN,SURVEY,,JUN,,,06,2023,MONTHLY,,,,,ALL CLASSES,39,"CORN, GRAIN - PRICE RECEIVED, MEASURED IN $ / BU"
UNITED STATES,$ / BU,9000,OHIO,,,OH,NOT SPECIFIED,FIELD CROPS,00000000,TOTAL,CROPS,OHIO,,5.98,PRICE RECEIVED,,2023-11-30 15:00:00.000,ALL PRODUCTION PRACTICES,07,39,STATE,CORN,GRAIN,SURVEY,,JUL,,,07,2023,MONTHLY,,,,,ALL CLASSES,39,"CORN, GRAIN - PRICE RECEIVED, MEASURED IN $ / BU"
UNITED STATES,$ / BU,9000,OHIO,,,OH,NOT SPECIFIED,FIELD CROPS,00000000,TOTAL,CROPS,OHIO,,5.56,PRICE RECEIVED,,2023-09-29 15:00:00.000,ALL PRODUCTION PRACTICES,08,39,STATE,CORN,GRAIN,SURVEY,,AUG,,,08,2023,MONTHLY,,,,,ALL CLASSES,39,"CORN, GRAIN - PRICE RECEIVED, MEASURED IN $ / BU"
UNITED STATES,$ / BU,9000,OHIO,,,OH,NOT SPECIFIED,FIELD CROPS,00000000,TOTAL,CROPS,OHIO,,5.5,PRICE RECEIVED,,2024-09-27 15:00:00.000,ALL PRODUCTION PRACTICES,09,39,STATE,CORN,GRAIN,SURVEY,,SEP,,,09,2023,MONTHLY,,,,,ALL CLASSES,39,"CORN, GRAIN - PRICE RECEIVED, MEASURED IN $ / BU"
UNITED STATES,$ / BU,9000,OHIO,,,OH,NOT SPECIFIED,FIELD CROPS,00000000,TOTAL,CROPS,OHIO,,4.85,PRICE RECEIVED,,2024-09-27 15:00:00.000,ALL PRODUCTION PRACTICES,10,39,STATE,CORN,GRAIN,SURVEY,,OCT,,,10,2023,MONTHLY,,,,,ALL CLASSES,39,"CORN, GRAIN - PRICE RECEIVED, MEASURED IN $ / BU"
UNITED STATES,$ / BU,9000,OHIO,,,OH,NOT SPECIFIED,FIELD CROPS,00000000,TOTAL,CROPS,OHIO,,4.4,PRICE RECEIVED,,2024-09-27 15:00:00.000,ALL PRODUCTION PRACTICES,11,39,STATE,CORN,GRAIN,SURVEY,,NOV,,,11,2023,MONTHLY,,,,,ALL CLASSES,39,"CORN, GRAIN - PRICE RECEIVED, MEASURED IN $ / BU"
UNITED STATES,$ / BU,9000,OHIO,,,OH,NOT SPECIFIED,FIELD CROPS,00000000,TOTAL,CROPS,OHIO,,4.64,PRICE RECEIVED,,2024-09-27 15:00:00.000,ALL PRODUCTION PRACTICES,12,39,STATE,CORN,GRAIN,SURVEY,,DEC,,,12,2023,MONTHLY,,,,,ALL CLASSES,39,"CORN, GRAIN - PRICE RECEIVED, MEASURED IN $ / BU"
UNITED STATES,$ / BU,9000,OHIO,,,OH,NOT SPECIFIED,FIELD CROPS,00000000,TOTAL,CROPS,OHIO,,5.57,PRICE RECEIVED,,2023-03-01 15:00:00.000,ALL PRODUCTION PRACTICES,01,39,STATE,CORN,GRAIN,SURVEY,,JAN,,,01,2022,MONTHLY,,,,,ALL CLASSES,39,"CORN, GRAIN - PRICE RECEIVED, MEASURED IN $ / BU"
UNITED STATES,$ / BU,9000,OHIO,,,OH,NOT SPECIFIED,FIELD CROPS,00000000,TOTAL,CROPS,OHIO,,5.95,PRICE RECEIVED,,2022-04-29 15:01:27.000,ALL PRODUCTION PRACTICES,02,39,STATE,CORN,GRAIN,SURVEY,,FEB,,,02,2022,MONTHLY,,,,,ALL CLASSES,39,"CORN, GRAIN - PRICE RECEIVED, MEASURED IN $ / BU"
UNITED STATES,$ / BU,9000,OHIO,,,OH,NOT SPECIFIED,FIELD CROPS,00000000,TOTAL,CROPS,OHIO,,6.53,PRICE RECEIVED,,2022-05-31 15:03:15.000,ALL PRODUCTION PRACTICES,03,39,STATE,CORN,GRAIN,SURVEY,,MAR,,,03,2022,MONTHLY,,,,,ALL CLASSES,39,"CORN, GRAIN - PRICE RECEIVED, MEASURED IN $ / BU"
UNITED STATES,$ / BU,9000,OHIO,,,OH,NOT SPECIFIED,FIELD CROPS,00000000,TOTAL,CROPS,OHIO,,7.07,PRICE RECEIVED,,2022-06-30 15:02:08.000,ALL PRODUCTION PRACTICES,04,39,STATE,CORN,GRAIN,SURVEY,,APR,,,04,2022,MONTHLY,,,,,ALL CLASSES,39,"CORN, GRAIN - PRICE RECEIVED, MEASURED IN $ / BU"
UNITED STATES,$ / BU,9000,OHIO,,,OH,NOT SPECIFIED,FIELD CROPS,00000000,TOTAL,CROPS,OHIO,,7.08,PRICE RECEIVED,,2022-07-29 15:01:54.000,ALL PRODUCTION PRACTICES,05,39,STATE,CORN,GRAIN,SURVEY,,MAY,,,05,2022,MONTHLY,,,,,ALL CLASSES,39,"CORN, GRAIN - PRICE RECEIVED, MEASURED IN $ / BU"
UNITED STATES,$ / BU,9000,OHIO,,,OH,NOT SPECIFIED,FIELD CROPS,00000000,TOTAL,CROPS,OHIO,,7.22,PRICE RECEIVED,,2022-08-31 15:06:19.000,ALL PRODUCTION PRACTICES,06,39,STATE,CORN,GRAIN,SURVEY,,JUN,,,06,2022,MONTHLY,,,,,ALL CLASSES,39,"CORN, GRAIN - PRICE RECEIVED, MEASURED IN $ / BU"
UNITED STATES,$ / BU,9000,OHIO,,,OH,NOT SPECIFIED,FIELD CROPS,00000000,TOTAL,CROPS,OHIO,,6.64,PRICE RECEIVED,,2022-09-30 15:00:00.000,ALL PRODUCTION PRACTICES,07,39,STATE,CORN,GRAIN,SURVEY,,JUL,,,07,2022,MONTHLY,,,,,ALL CLASSES,39,"CORN, GRAIN - PRICE RECEIVED, MEASURED IN $ / BU"
UNITED STATES,$ / BU,9000,OHIO,,,OH,NOT SPECIFIED,FIELD CROPS,00000000,TOTAL,CROPS,OHIO,,6.85,PRICE RECEIVED,,2022-09-30 15:00:00.000,ALL PRODUCTION PRACTICES,08,39,STATE,CORN,GRAIN,SURVEY,,AUG,,,08,2022,MONTHLY,,,,,ALL CLASSES,39,"CORN, GRAIN - PRICE RECEIVED, MEASURED IN $ / BU"
UNITED STATES,$ / BU,9000,OHIO,,,OH,NOT SPECIFIED,FIELD CROPS,00000000,TOTAL,CROPS,OHIO,,6.58,PRICE RECEIVED,,2023-11-30 15:00:00.000,ALL PRODUCTION PRACTICES,09,39,STATE,CORN,GRAIN,SURVEY,,SEP,,,09,2022,MONTHLY,,,,,ALL CLASSES,39,"CORN, GRAIN - PRICE RECEIVED, MEASURED IN $ / BU"
UNITED STATES,$ / BU,9000,OHIO,,,OH,NOT SPECIFIED,FIELD CROPS,00000000,TOTAL,CROPS,OHIO,,6.27,PRICE RECEIVED,,2023-11-30 15:00:00.000,ALL PRODUCTION PRACTICES,10,39,STATE,CORN,GRAIN,SURVEY,,OCT,,,10,2022,MONTHLY,,,,,ALL CLASSES,39,"CORN, GRAIN - PRICE RECEIVED, MEASURED IN $ / BU"
UNITED STATES,$ / BU,9000,OHIO,,,OH,NOT SPECIFIED,FIELD CROPS,00000000,TOTAL,CROPS,OHIO,,6.31,PRICE RECEIVED,,2023-11-30 15:00:00.000,ALL PRODUCTION PRACTICES,11,39,STATE,CORN,GRAIN,SURVEY,,NOV,,,11,2022,MONTHLY,,,,,ALL CLASSES,39,"CORN, GRAIN - PRICE RECEIVED, MEASURED IN $ / BU"
UNITED STATES,$ / BU,9000,OHIO,,,OH,NOT SPECIFIED,FIELD CROPS,00000000,TOTAL,CROPS,OHIO,,6.24,PRICE RECEIVED,,2023-11-30 15:00:00.000,ALL PRODUCTION PRACTICES,12,39,STATE,CORN,GRAIN,SURVEY,,DEC,,,12,2022,MONTHLY,,,,,ALL CLASSES,39,"CORN, GRAIN - PRICE RECEIVED, MEASURED IN $ / BU"
UNITED STATES,$ / BU,9000,OHIO,,,OH,NOT SPECIFIED,FIELD CROPS,00000000,TOTAL,CROPS,OHIO,,4.39,PRICE RECEIVED,,2022-02-28 15:03:56.000,ALL PRODUCTION PRACTICES,01,39,STATE,CORN,GRAIN,SURVEY,,JAN,,,01,2021,MONTHLY,,,,,ALL CLASSES,39,"CORN, GRAIN - PRICE RECEIVED, MEASURED IN $ / BU"
UNITED STATES,$ / BU,9000,OHIO,,,OH,NOT SPECIFIED,FIELD CROPS,00000000,TOTAL,CROPS,OHIO,,4.8,PRICE RECEIVED,,2022-03-31 15:02:29.000,ALL PRODUCTION PRACTICES,02,39,STATE,CORN,GRAIN,SURVEY,,FEB,,,02,2021,MONTHLY,,,,,ALL CLASSES,39,"CORN, GRAIN - PRICE RECEIVED, MEASURED IN $ / BU"
UNITED STATES,$ / BU,9000,OHIO,,,OH,NOT SPECIFIED,FIELD CROPS,00000000,TOTAL,CROPS,OHIO,,5.06,PRICE RECEIVED,,2022-04-29 15:01:27.000,ALL PRODUCTION PRACTICES,03,39,STATE,CORN,GRAIN,SURVEY,,MAR,,,03,2021,MONTHLY,,,,,ALL CLASSES,39,"CORN, GRAIN - PRICE RECEIVED, MEASURED IN $ / BU"
UNITED STATES,$ / BU,9000,OHIO,,,OH,NOT SPECIFIED,FIELD CROPS,00000000,TOTAL,CROPS,OHIO,,5.54,PRICE RECEIVED,,2022-05-31 15:03:15.000,ALL PRODUCTION PRACTICES,04,39,STATE,CORN,GRAIN,SURVEY,,APR,,,04,2021,MONTHLY,,,,,ALL CLASSES,39,"CORN, GRAIN - PRICE RECEIVED, MEASURED IN $ / BU"
UNITED STATES,$ / BU,9000,OHIO,,,OH,NOT SPECIFIED,FIELD CROPS,00000000,TOTAL,CROPS,OHIO,,6.25,PRICE RECEIVED,,2022-06-30 15:02:08.000,ALL PRODUCTION PRACTICES,05,39,STATE,CORN,GRAIN,SURVEY,,MAY,,,05,2021,MONTHLY,,,,,ALL CLASSES,39,"CORN, GRAIN - PRICE RECEIVED, MEASURED IN $ / BU"
UNITED STATES,$ / BU,9000,OHIO,,,OH,NOT SPECIFIED,FIELD CROPS,00000000,TOTAL,CROPS,OHIO,,6.34,PRICE RECEIVED,,2022-07-29 15:01:54.000,ALL PRODUCTION PRACTICES,06,39,STATE,CORN,GRAIN,SURVEY,,JUN,,,06,2021,MONTHLY,,,,,ALL CLASSES,39,"CORN, GRAIN - PRICE RECEIVED, MEASURED IN $ / BU"
UNITED STATES,$ / BU,9000,OHIO,,,OH,NOT SPECIFIED,FIELD CROPS,00000000,TOTAL,CROPS,OHIO,,6.27,PRICE RECEIVED,,2022-08-31 15:06:19.000,ALL PRODUCTION PRACTICES,07,39,STATE,CORN,GRAIN,SURVEY,,JUL,,,07,2021,MONTHLY,,,,,ALL CLASSES,39,"CORN, GRAIN - PRICE RECEIVED, MEASURED IN $ / BU"
UNITED STATES,$ / BU,9000,OHIO,,,OH,NOT SPECIFIED,FIELD CROPS,00000000,TOTAL,CROPS,OHIO,,6.54,PRICE RECEIVED,,2022-09-30 15:00:00.000,ALL PRODUCTION PRACTICES,08,39,STATE,CORN,GRAIN,SURVEY,,AUG,,,08,2021,MONTHLY,,,,,ALL CLASSES,39,"CORN, GRAIN - PRICE RECEIVED, MEASURED IN $ / BU"
UNITED STATES,$ / BU,9000,OHIO,,,OH,NOT SPECIFIED,FIELD CROPS,00000000,TOTAL,CROPS,OHIO,,5.74,PRICE RECEIVED,,2021-11-30 15:01:54.000,ALL PRODUCTION PRACTICES,09,39,STATE,CORN,GRAIN,SURVEY,,SEP,,,09,2021,MONTHLY,,,,,ALL CLASSES,39,"CORN, GRAIN - PRICE RECEIVED, MEASURED IN $ / BU"
UNITED STATES,$ / BU,9000,OHIO,,,OH,NOT SPECIFIED,FIELD CROPS,00000000,TOTAL,CROPS,OHIO,,5.01,PRICE RECEIVED,,2021-12-30 15:01:46.000,ALL PRODUCTION PRACTICES,10,39,STATE,CORN,GRAIN,SURVEY,,OCT,,,10,2021,MONTHLY,,,,,ALL CLASSES,39,"CORN, GRAIN - PRICE RECEIVED, MEASURED IN $ / BU"
UNITED STATES,$ / BU,9000,OHIO,,,OH,NOT SPECIFIED,FIELD CROPS,00000000,TOTAL,CROPS,OHIO,,5.25,PRICE RECEIVED,,2022-01-31 15:05:53.000,ALL PRODUCTION PRACTICES,11,39,STATE,CORN,GRAIN,SURVEY,,NOV,,,11,2021,MONTHLY,,,,,ALL CLASSES,39,"CORN, GRAIN - PRICE RECEIVED, MEASURED IN $ / BU"
UNITED STATES,$ / BU,9000,OHIO,,,OH,NOT SPECIFIED,FIELD CROPS,00000000,TOTAL,CROPS,OHIO,,5.41,PRICE RECEIVED,,2022-02-28 15:03:56.000,ALL PRODUCTION PRACTICES,12,39,STATE,CORN,GRAIN,SURVEY,,DEC,,,12,2021,MONTHLY,,,,,ALL CLASSES,39,"CORN, GRAIN - PRICE RECEIVED, MEASURED IN $ / BU"
UNITED STATES,$ / BU,9000,OHIO,,,OH,NOT SPECIFIED,FIELD CROPS,00000000,TOTAL,CROPS,OHIO,,4.15,PRICE RECEIVED,,2021-11-30 15:01:54.000,ALL PRODUCTION PRACTICES,01,39,STATE,CORN,GRAIN,SURVEY,,JAN,,,01,2020,MONTHLY,,,,,ALL CLASSES,39,"CORN, GRAIN - PRICE RECEIVED, MEASURED IN $ / BU"
UNITED STATES,$ / BU,9000,OHIO,,,OH,NOT SPECIFIED,FIELD CROPS,00000000,TOTAL,CROPS,OHIO,,4.14,PRICE RECEIVED,,2021-11-30 15:01:54.000,ALL PRODUCTION PRACTICES,02,39,STATE,CORN,GRAIN,SURVEY,,FEB,,,02,2020,MONTHLY,,,,,ALL CLASSES,39,"CORN, GRAIN - PRICE RECEIVED, MEASURED IN $ / BU"
UNITED STATES,$ / BU,9000,OHIO,,,OH,NOT SPECIFIED,FIELD CROPS,00000000,TOTAL,CROPS,OHIO,,3.99,PRICE RECEIVED,,2021-11-30 15:01:54.000,ALL PRODUCTION PRACTICES,03,39,STATE,CORN,GRAIN,SURVEY,,MAR,,,03,2020,MONTHLY,,,,,ALL CLASSES,39,"CORN, GRAIN - PRICE RECEIVED, MEASURED IN $ / BU"
UNITED STATES,$ / BU,9000,OHIO,,,OH,NOT SPECIFIED,FIELD CROPS,00000000,TOTAL,CROPS,OHIO,,3.66,PRICE RECEIVED,,2021-11-30 15:01:54.000,ALL PRODUCTION PRACTICES,04,39,STATE,CORN,GRAIN,SURVEY,,APR,,,04,2020,MONTHLY,,,,,ALL CLASSES,39,"CORN, GRAIN - PRICE RECEIVED, MEASURED IN $ / BU"
UNITED STATES,$ / BU,9000,OHIO,,,OH,NOT SPECIFIED,FIELD CROPS,00000000,TOTAL,CROPS,OHIO,,3.46,PRICE RECEIVED,,2021-11-30 15:01:54.000,ALL PRODUCTION PRACTICES,05,39,STATE,CORN,GRAIN,SURVEY,,MAY,,,05,2020,MONTHLY,,,,,ALL CLASSES,39,"CORN, GRAIN - PRICE RECEIVED, MEASURED IN $ / BU"
UNITED STATES,$ / BU,9000,OHIO,,,OH,NOT SPECIFIED,FIELD CROPS,00000000,TOTAL,CROPS,OHIO,,3.54,PRICE RECEIVED,,2021-11-30 15:01:54.000,ALL PRODUCTION PRACTICES,06,39,STATE,CORN,GRAIN,SURVEY,,JUN,,,06,2020,MONTHLY,,,,,ALL CLASSES,39,"CORN, GRAIN - PRICE RECEIVED, MEASURED IN $ / BU"
UNITED STATES,$ / BU,9000,OHIO,,,OH,NOT SPECIFIED,FIELD CROPS,00000000,TOTAL,CROPS,OHIO,,3.47,PRICE RECEIVED,,2021-11-30 15:01:54.000,ALL PRODUCTION PRACTICES,07,39,STATE,CORN,GRAIN,SURVEY,,JUL,,,07,2020,MONTHLY,,,,,ALL CLASSES,39,"CORN, GRAIN - PRICE RECEIVED, MEASURED IN $ / BU"
UNITED STATES,$ / BU,9000,OHIO,,,OH,NOT SPECIFIED,FIELD CROPS,00000000,TOTAL,CROPS,OHIO,,3.29,PRICE RECEIVED,,2021-11-30 15:01:54.000,ALL PRODUCTION PRACTICES,08,39,STATE,CORN,GRAIN,SURVEY,,AUG,,,08,2020,MONTHLY,,,,,ALL CLASSES,39,"CORN, GRAIN - PRICE RECEIVED, MEASURED IN $ / BU"
UNITED STATES,$ / BU,9000,OHIO,,,OH,NOT SPECIFIED,FIELD CROPS,00000000,TOTAL,CROPS,OHIO,,3.62,PRICE RECEIVED,,2021-11-30 15:01:54.000,ALL PRODUCTION PRACTICES,09,39,STATE,CORN,GRAIN,SURVEY,,SEP,,,09,2020,MONTHLY,,,,,ALL CLASSES,39,"CORN, GRAIN - PRICE RECEIVED, MEASURED IN $ / BU"
UNITED STATES,$ / BU,9000,OHIO,,,OH,NOT SPECIFIED,FIELD CROPS,00000000,TOTAL,CROPS,OHIO,,3.78,PRICE RECEIVED,,2021-11-30 15:01:54.000,ALL PRODUCTION PRACTICES,10,39,STATE,CORN,GRAIN,SURVEY,,OCT,,,10,2020,MONTHLY,,,,,ALL CLASSES,39,"CORN, GRAIN - PRICE RECEIVED, MEASURED IN $ / BU"
UNITED STATES,$ / BU,9000,OHIO,,,OH,NOT SPECIFIED,FIELD CROPS,00000000,TOTAL,CROPS,OHIO,,3.91,PRICE RECEIVED,,2021-12-30 15:01:46.000,ALL PRODUCTION PRACTICES,11,39,STATE,CORN,GRAIN,SURVEY,,NOV,,,11,2020,MONTHLY,,,,,ALL CLASSES,39,"CORN, GRAIN - PRICE RECEIVED, MEASURED IN $ / BU"
UNITED STATES,$ / BU,9000,OHIO,,,OH,NOT SPECIFIED,FIELD CROPS,00000000,TOTAL,CROPS,OHIO,,4.11,PRICE RECEIVED,,2022-01-31 15:05:53.000,ALL PRODUCTION PRACTICES,12,39,STATE,CORN,GRAIN,SURVEY,,DEC,,,12,2020,MONTHLY,,,,,ALL CLASSES,39,"CORN, GRAIN - PRICE RECEIVED, MEASURED IN $ / BU"
UNITED STATES,$ / BU,9000,OHIO,,,OH,NOT SPECIFIED,FIELD CROPS,00000000,TOTAL,CROPS,OHIO,,3.69,PRICE RECEIVED,,2020-11-30 15:04:12.000,ALL PRODUCTION PRACTICES,01,39,STATE,CORN,GRAIN,SURVEY,,JAN,,,01,2019,MONTHLY,,,,,ALL CLASSES,39,"CORN, GRAIN - PRICE RECEIVED, MEASURED IN $ / BU"
UNITED STATES,$ / BU,9000,OHIO,,,OH,NOT SPECIFIED,FIELD CROPS,00000000,TOTAL,CROPS,OHIO,,3.73,PRICE RECEIVED,,2020-11-30 15:04:12.000,ALL PRODUCTION PRACTICES,02,39,STATE,CORN,GRAIN,SURVEY,,FEB,,,02,2019,MONTHLY,,,,,ALL CLASSES,39,"CORN, GRAIN - PRICE RECEIVED, MEASURED IN $ / BU"
UNITED STATES,$ / BU,9000,OHIO,,,OH,NOT SPECIFIED,FIELD CROPS,00000000,TOTAL,CROPS,OHIO,,3.74,PRICE RECEIVED,,2020-11-30 15:04:12.000,ALL PRODUCTION PRACTICES,03,39,STATE,CORN,GRAIN,SURVEY,,MAR,,,03,2019,MONTHLY,,,,,ALL CLASSES,39,"CORN, GRAIN - PRICE RECEIVED, MEASURED IN $ / BU"
UNITED STATES,$ / BU,9000,OHIO,,,OH,NOT SPECIFIED,FIELD CROPS,00000000,TOTAL,CROPS,OHIO,,3.64,PRICE RECEIVED,,2020-11-30 15:04:12.000,ALL PRODUCTION PRACTICES,04,39,STATE,CORN,GRAIN,SURVEY,,APR,,,04,2019,MONTHLY,,,,,ALL CLASSES,39,"CORN, GRAIN - PRICE RECEIVED, MEASURED IN $ / BU"
UNITED STATES,$ / BU,9000,OHIO,,,OH,NOT SPECIFIED,FIELD CROPS,00000000,TOTAL,CROPS,OHIO,,3.79,PRICE RECEIVED,,2020-11-30 15:04:12.000,ALL PRODUCTION PRACTICES,05,39,STATE,CORN,GRAIN,SURVEY,,MAY,,,05,2019,MONTHLY,,,,,ALL CLASSES,39,"CORN, GRAIN - PRICE RECEIVED, MEASURED IN $ / BU"
UNITED STATES,$ / BU,9000,OHIO,,,OH,NOT SPECIFIED,FIELD CROPS,00000000,TOTAL,CROPS,OHIO,,4.28,PRICE RECEIVED,,2020-11-30 15:04:12.000,ALL PRODUCTION PRACTICES,06,39,STATE,CORN,GRAIN,SURVEY,,JUN,,,06,2019,MONTHLY,,,,,ALL CLASSES,39,"CORN, GRAIN - PRICE RECEIVED, MEASURED IN $ / BU"
UNITED STATES,$ / BU,9000,OHIO,,,OH,NOT SPECIFIED,FIELD CROPS,00000000,TOTAL,CROPS,OHIO,,4.59,PRICE RECEIVED,,2021-11-30 15:01:54.000,ALL PRODUCTION PRACTICES,07,39,STATE,CORN,GRAIN,SURVEY,,JUL,,,07,2019,MONTHLY,,,,,ALL CLASSES,39,"CORN, GRAIN - PRICE RECEIVED, MEASURED IN $ / BU"
UNITED STATES,$ / BU,9000,OHIO,,,OH,NOT SPECIFIED,FIELD CROPS,00000000,TOTAL,CROPS,OHIO,,4.3,PRICE RECEIVED,,2021-11-30 15:01:54.000,ALL PRODUCTION PRACTICES,08,39,STATE,CORN,GRAIN,SURVEY,,AUG,,,08,2019,MONTHLY,,,,,ALL CLASSES,39,"CORN, GRAIN - PRICE RECEIVED, MEASURED IN $ / BU"
UNITED STATES,$ / BU,9000,OHIO,,,OH,NOT SPECIFIED,FIELD CROPS,00000000,TOTAL,CROPS,OHIO,,4.11,PRICE RECEIVED,,2021-11-30 15:01:54.000,ALL PRODUCTION PRACTICES,09,39,STATE,CORN,GRAIN,SURVEY,,SEP,,,09,2019,MONTHLY,,,,,ALL CLASSES,39,"CORN, GRAIN - PRICE RECEIVED, MEASURED IN $ / BU"
UNITED STATES,$ / BU,9000,OHIO,,,OH,NOT SPECIFIED,FIELD CROPS,00000000,TOTAL,CROPS,OHIO,,4.14,PRICE RECEIVED,,2021-11-30 15:01:54.000,ALL PRODUCTION PRACTICES,10,39,STATE,CORN,GRAIN,SURVEY,,OCT,,,10,2019,MONTHLY,,,,,ALL CLASSES,39,"CORN, GRAIN - PRICE RECEIVED, MEASURED IN $ / BU"
UNITED STATES,$ / BU,9000,OHIO,,,OH,NOT SPECIFIED,FIELD CROPS,00000000,TOTAL,CROPS,OHIO,,4.06,PRICE RECEIVED,,2021-11-30 15:01:54.000,ALL PRODUCTION PRACTICES,11,39,STATE,CORN,GRAIN,SURVEY,,NOV,,,11,2019,MONTHLY,,,,,ALL CLASSES,39,"CORN, GRAIN - PRICE RECEIVED, MEASURED IN $ / BU"
UNITED STATES,$ / BU,9000,OHIO,,,OH,NOT SPECIFIED,FIELD CROPS,00000000,TOTAL,CROPS,OHIO,,4.13,PRICE RECEIVED,,2021-11-30 15:01:54.000,ALL PRODUCTION PRACTICES,12,39,STATE,CORN,GRAIN,SURVEY,,DEC,,,12,2019,MONTHLY,,,,,ALL CLASSES,39,"CORN, GRAIN - PRICE RECEIVED, MEASURED IN $ / BU"
UNITED STATES,$ / BU,9000,OHIO,,,OH,NOT SPECIFIED,FIELD CROPS,00000000,TOTAL,CROPS,OHIO,,3.54,PRICE RECEIVED,,2019-11-27 15:09:50.000,ALL PRODUCTION PRACTICES,01,39,STATE,CORN,GRAIN,SURVEY,,JAN,,,01,2018,MONTHLY,,,,,ALL CLASSES,39,"CORN, GRAIN - PRICE RECEIVED, MEASURED IN $ / BU"
UNITED STATES,$ / BU,9000,OHIO,,,OH,NOT SPECIFIED,FIELD CROPS,00000000,TOTAL,CROPS,OHIO,,3.64,PRICE RECEIVED,,2019-11-27 15:09:50.000,ALL PRODUCTION PRACTICES,02,39,STATE,CORN,GRAIN,SURVEY,,FEB,,,02,2018,MONTHLY,,,,,ALL CLASSES,39,"CORN, GRAIN - PRICE RECEIVED, MEASURED IN $ / BU"
UNITED STATES,$ / BU,9000,OHIO,,,OH,NOT SPECIFIED,FIELD CROPS,00000000,TOTAL,CROPS,OHIO,,3.79,PRICE RECEIVED,,2019-11-27 15:09:50.000,ALL PRODUCTION PRACTICES,03,39,STATE,CORN,GRAIN,SURVEY,,MAR,,,03,2018,MONTHLY,,,,,ALL CLASSES,39,"CORN, GRAIN - PRICE RECEIVED, MEASURED IN $ / BU"
UNITED STATES,$ / BU,9000,OHIO,,,OH,NOT SPECIFIED,FIELD CROPS,00000000,TOTAL,CROPS,OHIO,,3.83,PRICE RECEIVED,,2019-11-27 15:09:50.000,ALL PRODUCTION PRACTICES,04,39,STATE,CORN,GRAIN,SURVEY,,APR,,,04,2018,MONTHLY,,,,,ALL CLASSES,39,"CORN, GRAIN - PRICE RECEIVED, MEASURED IN $ / BU"
UNITED STATES,$ / BU,9000,OHIO,,,OH,NOT SPECIFIED,FIELD CROPS,00000000,TOTAL,CROPS,OHIO,,3.96,PRICE RECEIVED,,2019-11-27 15:09:50.000,ALL PRODUCTION PRACTICES,05,39,STATE,CORN,GRAIN,SURVEY,,MAY,,,05,2018,MONTHLY,,,,,ALL CLASSES,39,"CORN, GRAIN - PRICE RECEIVED, MEASURED IN $ / BU"
UNITED STATES,$ / BU,9000,OHIO,,,OH,NOT SPECIFIED,FIELD CROPS,00000000,TOTAL,CROPS,OHIO,,3.78,PRICE RECEIVED,,2019-11-27 15:09:50.000,ALL PRODUCTION PRACTICES,06,39,STATE,CORN,GRAIN,SURVEY,,JUN,,,06,2018,MONTHLY,,,,,ALL CLASSES,39,"CORN, GRAIN - PRICE RECEIVED, MEASURED IN $ / BU"
UNITED STATES,$ / BU,9000,OHIO,,,OH,NOT SPECIFIED,FIELD CROPS,00000000,TOTAL,CROPS,OHIO,,3.65,PRICE RECEIVED,,2020-11-30 15:04:12.000,ALL PRODUCTION PRACTICES,07,39,STATE,CORN,GRAIN,SURVEY,,JUL,,,07,2018,MONTHLY,,,,,ALL CLASSES,39,"CORN, GRAIN - PRICE RECEIVED, MEASURED IN $ / BU"
UNITED STATES,$ / BU,9000,OHIO,,,OH,NOT SPECIFIED,FIELD CROPS,00000000,TOTAL,CROPS,OHIO,,3.55,PRICE RECEIVED,,2020-11-30 15:04:12.000,ALL PRODUCTION PRACTICES,08,39,STATE,CORN,GRAIN,SURVEY,,AUG,,,08,2018,MONTHLY,,,,,ALL CLASSES,39,"CORN, GRAIN - PRICE RECEIVED, MEASURED IN $ / BU"
UNITED STATES,$ / BU,9000,OHIO,,,OH,NOT SPECIFIED,FIELD CROPS,00000000,TOTAL,CROPS,OHIO,,3.46,PRICE RECEIVED,,2020-11-30 15:04:12.000,ALL PRODUCTION PRACTICES,09,39,STATE,CORN,GRAIN,SURVEY,,SEP,,,09,2018,MONTHLY,,,,,ALL CLASSES,39,"CORN, GRAIN - PRICE RECEIVED, MEASURED IN $ / BU"
UNITED STATES,$ / BU,9000,OHIO,,,OH,NOT SPECIFIED,FIELD CROPS,00000000,TOTAL,CROPS,OHIO,,3.47,PRICE RECEIVED,,2020-11-30 15:04:12.000,ALL PRODUCTION PRACTICES,10,39,STATE,CORN,GRAIN,SURVEY,,OCT,,,10,2018,MONTHLY,,,,,ALL CLASSES,39,"CORN, GRAIN - PRICE RECEIVED, MEASURED IN $ / BU"
UNITED STATES,$ / BU,9000,OHIO,,,OH,NOT SPECIFIED,FIELD CROPS,00000000,TOTAL,CROPS,OHIO,,3.48,PRICE RECEIVED,,2020-11-30 15:04:12.000,ALL PRODUCTION PRACTICES,11,39,STATE,CORN,GRAIN,SURVEY,,NOV,,,11,2018,MONTHLY,,,,,ALL CLASSES,39,"CORN, GRAIN - PRICE RECEIVED, MEASURED IN $ / BU"
UNITED STATES,$ / BU,9000,OHIO,,,OH,NOT SPECIFIED,FIELD CROPS,00000000,TOTAL,CROPS,OHIO,,3.63,PRICE RECEIVED,,2020-11-30 15:04:12.000,ALL PRODUCTION PRACTICES,12,39,STATE,CORN,GRAIN,SURVEY,,DEC,,,12,2018,MONTHLY,,,,,ALL CLASSES,39,"CORN, GRAIN - PRICE RECEIVED, MEASURED IN $ / BU"
UNITED STATES,$ / BU,9000,OHIO,,,OH,NOT SPECIFIED,FIELD CROPS,00000000,TOTAL,CROPS,OHIO,,3.65,PRICE RECEIVED,,2018-11-29 15:01:10.000,ALL PRODUCTION PRACTICES,01,39,STATE,CORN,GRAIN,SURVEY,,JAN,,,01,2017,MONTHLY,,,,,ALL CLASSES,39,"CORN, GRAIN - PRICE RECEIVED, MEASURED IN $ / BU"
UNITED STATES,$ / BU,9000,OHIO,,,OH,NOT SPECIFIED,FIELD CROPS,00000000,TOTAL,CROPS,OHIO,,3.69,PRICE RECEIVED,,2018-11-29 15:01:10.000,ALL PRODUCTION PRACTICES,02,39,STATE,CORN,GRAIN,SURVEY,,FEB,,,02,2017,MONTHLY,,,,,ALL CLASSES,39,"CORN, GRAIN - PRICE RECEIVED, MEASURED IN $ / BU"
UNITED STATES,$ / BU,9000,OHIO,,,OH,NOT SPECIFIED,FIELD CROPS,00000000,TOTAL,CROPS,OHIO,,3.69,PRICE RECEIVED,,2018-11-29 15:01:10.000,ALL PRODUCTION PRACTICES,03,39,STATE,CORN,GRAIN,SURVEY,,MAR,,,03,2017,MONTHLY,,,,,ALL CLASSES,39,"CORN, GRAIN - PRICE RECEIVED, MEASURED IN $ / BU"
UNITED STATES,$ / BU,9000,OHIO,,,OH,NOT SPECIFIED,FIELD CROPS,00000000,TOTAL,CROPS,OHIO,,3.67,PRICE RECEIVED,,2018-11-29 15:01:10.000,ALL PRODUCTION PRACTICES,04,39,STATE,CORN,GRAIN,SURVEY,,APR,,,04,2017,MONTHLY,,,,,ALL CLASSES,39,"CORN, GRAIN - PRICE RECEIVED, MEASURED IN $ / BU"
UNITED STATES,$ / BU,9000,OHIO,,,OH,NOT SPECIFIED,FIELD CROPS,00000000,TOTAL,CROPS,OHIO,,3.74,PRICE RECEIVED,,2018-11-29 15:01:10.000,ALL PRODUCTION PRACTICES,05,39,STATE,CORN,GRAIN,SURVEY,,MAY,,,05,2017,MONTHLY,,,,,ALL CLASSES,39,"CORN, GRAIN - PRICE RECEIVED, MEASURED IN $ / BU"
UNITED STATES,$ / BU,9000,OHIO,,,OH,NOT SPECIFIED,FIELD CROPS,00000000,TOTAL,CROPS,OHIO,,3.78,PRICE RECEIVED,,2018-11-29 15:01:10.000,ALL PRODUCTION PRACTICES,06,39,STATE,CORN,GRAIN,SURVEY,,JUN,,,06,2017,MONTHLY,,,,,ALL CLASSES,39,"CORN, GRAIN - PRICE RECEIVED, MEASURED IN $ / BU"
UNITED STATES,$ / BU,9000,OHIO,,,OH,NOT SPECIFIED,FIELD CROPS,00000000,TOTAL,CROPS,OHIO,,3.83,PRICE RECEIVED,,2019-11-27 15:09:50.000,ALL PRODUCTION PRACTICES,07,39,STATE,CORN,GRAIN,SURVEY,,JUL,,,07,2017,MONTHLY,,,,,ALL CLASSES,39,"CORN, GRAIN - PRICE RECEIVED, MEASURED IN $ / BU"
UNITED STATES,$ / BU,9000,OHIO,,,OH,NOT SPECIFIED,FIELD CROPS,00000000,TOTAL,CROPS,OHIO,,3.6,PRICE RECEIVED,,2019-11-27 15:09:50.000,ALL PRODUCTION PRACTICES,08,39,STATE,CORN,GRAIN,SURVEY,,AUG,,,08,2017,MONTHLY,,,,,ALL CLASSES,39,"CORN, GRAIN - PRICE RECEIVED, MEASURED IN $ / BU"
UNITED STATES,$ / BU,9000,OHIO,,,OH,NOT SPECIFIED,FIELD CROPS,00000000,TOTAL,CROPS,OHIO,,3.49,PRICE RECEIVED,,2019-11-27 15:09:50.000,ALL PRODUCTION PRACTICES,09,39,STATE,CORN,GRAIN,SURVEY,,SEP,,,09,2017,MONTHLY,,,,,ALL CLASSES,39,"CORN, GRAIN - PRICE RECEIVED, MEASURED IN $ / BU"
UNITED STATES,$ / BU,9000,OHIO,,,OH,NOT SPECIFIED,FIELD CROPS,00000000,TOTAL,CROPS,OHIO,,3.44,PRICE RECEIVED,,2019-11-27 15:09:50.000,ALL PRODUCTION PRACTICES,10,39,STATE,CORN,GRAIN,SURVEY,,OCT,,,10,2017,MONTHLY,,,,,ALL CLASSES,39,"CORN, GRAIN - PRICE RECEIVED, MEASURED IN $ / BU"
UNITED STATES,$ / BU,9000,OHIO,,,OH,NOT SPECIFIED,FIELD CROPS,00000000,TOTAL,CROPS,OHIO,,3.37,PRICE RECEIVED,,2019-11-27 15:09:50.000,ALL PRODUCTION PRACTICES,11,39,STATE,CORN,GRAIN,SURVEY,,NOV,,,11,2017,MONTHLY,,,,,ALL CLASSES,39,"CORN, GRAIN - PRICE RECEIVED, MEASURED IN $ / BU"
UNITED STATES,$ / BU,9000,OHIO,,,OH,NOT SPECIFIED,FIELD CROPS,00000000,TOTAL,CROPS,OHIO,,3.5,PRICE RECEIVED,,2019-11-27 15:09:50.000,ALL PRODUCTION PRACTICES,12,39,STATE,CORN,GRAIN,SURVEY,,DEC,,,12,2017,MONTHLY,,,,,ALL CLASSES,39,"CORN, GRAIN - PRICE RECEIVED, MEASURED IN $ / BU"
UNITED STATES,$ / BU,9000,OHIO,,,OH,NOT SPECIFIED,FIELD CROPS,00000000,TOTAL,CROPS,OHIO,,3.9,PRICE RECEIVED,,2017-11-30 15:00:27.000,ALL PRODUCTION PRACTICES,01,39,STATE,CORN,GRAIN,SURVEY,,JAN,,,01,2016,MONTHLY,,,,,ALL CLASSES,39,"CORN, GRAIN - PRICE RECEIVED, MEASURED IN $ / BU"
UNITED STATES,$ / BU,9000,OHIO,,,OH,NOT SPECIFIED,FIELD CROPS,00000000,TOTAL,CROPS,OHIO,,3.86,PRICE RECEIVED,,2017-11-30 15:00:27.000,ALL PRODUCTION PRACTICES,02,39,STATE,CORN,GRAIN,SURVEY,,FEB,,,02,2016,MONTHLY,,,,,ALL CLASSES,39,"CORN, GRAIN - PRICE RECEIVED, MEASURED IN $ / BU"
UNITED STATES,$ / BU,9000,OHIO,,,OH,NOT SPECIFIED,FIELD CROPS,00000000,TOTAL,CROPS,OHIO,,3.87,PRICE RECEIVED,,2017-11-30 15:00:27.000,ALL PRODUCTION PRACTICES,03,39,STATE,CORN,GRAIN,SURVEY,,MAR,,,03,2016,MONTHLY,,,,,ALL CLASSES,39,"CORN, GRAIN - PRICE RECEIVED, MEASURED IN $ / BU"
UNITED STATES,$ / BU,9000,OHIO,,,OH,NOT SPECIFIED,FIELD CROPS,00000000,TOTAL,CROPS,OHIO,,3.91,PRICE RECEIVED,,2017-11-30 15:00:27.000,ALL PRODUCTION PRACTICES,04,39,STATE,CORN,GRAIN,SURVEY,,APR,,,04,2016,MONTHLY,,,,,ALL CLASSES,39,"CORN, GRAIN - PRICE RECEIVED, MEASURED IN $ / BU"
UNITED STATES,$ / BU,9000,OHIO,,,OH,NOT SPECIFIED,FIELD CROPS,00000000,TOTAL,CROPS,OHIO,,4.02,PRICE RECEIVED,,2017-11-30 15:00:27.000,ALL PRODUCTION PRACTICES,05,39,STATE,CORN,GRAIN,SURVEY,,MAY,,,05,2016,MONTHLY,,,,,ALL CLASSES,39,"CORN, GRAIN - PRICE RECEIVED, MEASURED IN $ / BU"
UNITED STATES,$ / BU,9000,OHIO,,,OH,NOT SPECIFIED,FIELD CROPS,00000000,TOTAL,CROPS,OHIO,,4.19,PRICE RECEIVED,,2017-11-30 15:00:27.000,ALL PRODUCTION PRACTICES,06,39,STATE,CORN,GRAIN,SURVEY,,JUN,,,06,2016,MONTHLY,,,,,ALL CLASSES,39,"CORN, GRAIN - PRICE RECEIVED, MEASURED IN $ / BU"
UNITED STATES,$ / BU,9000,OHIO,,,OH,NOT SPECIFIED,FIELD CROPS,00000000,TOTAL,CROPS,OHIO,,3.81,PRICE RECEIVED,,2018-11-29 15:01:10.000,ALL PRODUCTION PRACTICES,07,39,STATE,CORN,GRAIN,SURVEY,,JUL,,,07,2016,MONTHLY,,,,,ALL CLASSES,39,"CORN, GRAIN - PRICE RECEIVED, MEASURED IN $ / BU"
UNITED STATES,$ / BU,9000,OHIO,,,OH,NOT SPECIFIED,FIELD CROPS,00000000,TOTAL,CROPS,OHIO,,3.57,PRICE RECEIVED,,2018-11-29 15:01:10.000,ALL PRODUCTION PRACTICES,08,39,STATE,CORN,GRAIN,SURVEY,,AUG,,,08,2016,MONTHLY,,,,,ALL CLASSES,39,"CORN, GRAIN - PRICE RECEIVED, MEASURED IN $ / BU"
UNITED STATES,$ / BU,9000,OHIO,,,OH,NOT SPECIFIED,FIELD CROPS,00000000,TOTAL,CROPS,OHIO,,3.3,PRICE RECEIVED,,2018-11-29 15:01:10.000,ALL PRODUCTION PRACTICES,09,39,STATE,CORN,GRAIN,SURVEY,,SEP,,,09,2016,MONTHLY,,,,,ALL CLASSES,39,"CORN, GRAIN - PRICE RECEIVED, MEASURED IN $ / BU"
UNITED STATES,$ / BU,9000,OHIO,,,OH,NOT SPECIFIED,FIELD CROPS,00000000,TOTAL,CROPS,OHIO,,3.45,PRICE RECEIVED,,2018-11-29 15:01:10.000,ALL PRODUCTION PRACTICES,10,39,STATE,CORN,GRAIN,SURVEY,,OCT,,,10,2016,MONTHLY,,,,,ALL CLASSES,39,"CORN, GRAIN - PRICE RECEIVED, MEASURED IN $ / BU"
UNITED STATES,$ / BU,9000,OHIO,,,OH,NOT SPECIFIED,FIELD CROPS,00000000,TOTAL,CROPS,OHIO,,3.44,PRICE RECEIVED,,2018-11-29 15:01:10.000,ALL PRODUCTION PRACTICES,11,39,STATE,CORN,GRAIN,SURVEY,,NOV,,,11,2016,MONTHLY,,,,,ALL CLASSES,39,"CORN, GRAIN - PRICE RECEIVED, MEASURED IN $ / BU"
UNITED STATES,$ / BU,9000,OHIO,,,OH,NOT SPECIFIED,FIELD CROPS,00000000,TOTAL,CROPS,OHIO,,3.57,PRICE RECEIVED,,2018-11-29 15:01:10.000,ALL PRODUCTION PRACTICES,12,39,STATE,CORN,GRAIN,SURVEY,,DEC,,,12,2016,MONTHLY,,,,,ALL CLASSES,39,"CORN, GRAIN - PRICE RECEIVED, MEASURED IN $ / BU"
UNITED STATES,$ / BU,9000,OHIO,,,OH,NOT SPECIFIED,FIELD CROPS,00000000,TOTAL,CROPS,OHIO,,3.87,PRICE RECEIVED,,2016-11-30 15:19:50.000,ALL PRODUCTION PRACTICES,01,39,STATE,CORN,GRAIN,SURVEY,,JAN,,,01,2015,MONTHLY,,,,,ALL CLASSES,39,"CORN, GRAIN - PRICE RECEIVED, MEASURED IN $ / BU"
UNITED STATES,$ / BU,9000,OHIO,,,OH,NOT SPECIFIED,FIELD CROPS,00000000,TOTAL,CROPS,OHIO,,3.95,PRICE RECEIVED,,2016-11-30 15:19:50.000,ALL PRODUCTION PRACTICES,02,39,STATE,CORN,GRAIN,SURVEY,,FEB,,,02,2015,MONTHLY,,,,,ALL CLASSES,39,"CORN, GRAIN - PRICE RECEIVED, MEASURED IN $ / BU"
UNITED STATES,$ / BU,9000,OHIO,,,OH,NOT SPECIFIED,FIELD CROPS,00000000,TOTAL,CROPS,OHIO,,3.93,PRICE RECEIVED,,2016-11-30 15:19:50.000,ALL PRODUCTION PRACTICES,03,39,STATE,CORN,GRAIN,SURVEY,,MAR,,,03,2015,MONTHLY,,,,,ALL CLASSES,39,"CORN, GRAIN - PRICE RECEIVED, MEASURED IN $ / BU"
UNITED STATES,$ / BU,9000,OHIO,,,OH,NOT SPECIFIED,FIELD CROPS,00000000,TOTAL,CROPS,OHIO,,3.83,PRICE RECEIVED,,2016-11-30 15:19:50.000,ALL PRODUCTION PRACTICES,04,39,STATE,CORN,GRAIN,SURVEY,,APR,,,04,2015,MONTHLY,,,,,ALL CLASSES,39,"CORN, GRAIN - PRICE RECEIVED, MEASURED IN $ / BU"
UNITED STATES,$ / BU,9000,OHIO,,,OH,NOT SPECIFIED,FIELD CROPS,00000000,TOTAL,CROPS,OHIO,,3.71,PRICE RECEIVED,,2016-11-30 15:19:50.000,ALL PRODUCTION PRACTICES,05,39,STATE,CORN,GRAIN,SURVEY,,MAY,,,05,2015,MONTHLY,,,,,ALL CLASSES,39,"CORN, GRAIN - PRICE RECEIVED, MEASURED IN $ / BU"
UNITED STATES,$ / BU,9000,OHIO,,,OH,NOT SPECIFIED,FIELD CROPS,00000000,TOTAL,CROPS,OHIO,,3.71,PRICE RECEIVED,,2016-11-30 15:19:50.000,ALL PRODUCTION PRACTICES,06,39,STATE,CORN,GRAIN,SURVEY,,JUN,,,06,2015,MONTHLY,,,,,ALL CLASSES,39,"CORN, GRAIN - PRICE RECEIVED, MEASURED IN $ / BU"
UNITED STATES,$ / BU,9000,OHIO,,,OH,NOT SPECIFIED,FIELD CROPS,00000000,TOTAL,CROPS,OHIO,,4.02,PRICE RECEIVED,,2017-11-30 15:00:27.000,ALL PRODUCTION PRACTICES,07,39,STATE,CORN,GRAIN,SURVEY,,JUL,,,07,2015,MONTHLY,,,,,ALL CLASSES,39,"CORN, GRAIN - PRICE RECEIVED, MEASURED IN $ / BU"
UNITED STATES,$ / BU,9000,OHIO,,,OH,NOT SPECIFIED,FIELD CROPS,00000000,TOTAL,CROPS,OHIO,,3.94,PRICE RECEIVED,,2017-11-30 15:00:27.000,ALL PRODUCTION PRACTICES,08,39,STATE,CORN,GRAIN,SURVEY,,AUG,,,08,2015,MONTHLY,,,,,ALL CLASSES,39,"CORN, GRAIN - PRICE RECEIVED, MEASURED IN $ / BU"
UNITED STATES,$ / BU,9000,OHIO,,,OH,NOT SPECIFIED,FIELD CROPS,00000000,TOTAL,CROPS,OHIO,,3.82,PRICE RECEIVED,,2017-11-30 15:00:27.000,ALL PRODUCTION PRACTICES,09,39,STATE,CORN,GRAIN,SURVEY,,SEP,,,09,2015,MONTHLY,,,,,ALL CLASSES,39,"CORN, GRAIN - PRICE RECEIVED, MEASURED IN $ / BU"
UNITED STATES,$ / BU,9000,OHIO,,,OH,NOT SPECIFIED,FIELD CROPS,00000000,TOTAL,CROPS,OHIO,,3.79,PRICE RECEIVED,,2017-11-30 15:00:27.000,ALL PRODUCTION PRACTICES,10,39,STATE,CORN,GRAIN,SURVEY,,OCT,,,10,2015,MONTHLY,,,,,ALL CLASSES,39,"CORN, GRAIN - PRICE RECEIVED, MEASURED IN $ / BU"
UNITED STATES,$ / BU,9000,OHIO,,,OH,NOT SPECIFIED,FIELD CROPS,00000000,TOTAL,CROPS,OHIO,,3.87,PRICE RECEIVED,,2017-11-30 15:00:27.000,ALL PRODUCTION PRACTICES,11,39,STATE,CORN,GRAIN,SURVEY,,NOV,,,11,2015,MONTHLY,,,,,ALL CLASSES,39,"CORN, GRAIN - PRICE RECEIVED, MEASURED IN $ / BU"
UNITED STATES,$ / BU,9000,OHIO,,,OH,NOT SPECIFIED,FIELD CROPS,00000000,TOTAL,CROPS,OHIO,,4.01,PRICE RECEIVED,,2017-11-30 15:00:27.000,ALL PRODUCTION PRACTICES,12,39,STATE,CORN,GRAIN,SURVEY,,DEC,,,12,2015,MONTHLY,,,,,ALL CLASSES,39,"CORN, GRAIN - PRICE RECEIVED, MEASURED IN $ / BU"
